static const unsigned char kATSDLGPU_ScreenFX_DXIL[] = {
  0x44, 0x58, 0x42, 0x43, 0xc1, 0x45, 0xdc, 0x11, 0x20, 0x26, 0x53, 0xf2,
  0xc4, 0x06, 0xfc, 0x40, 0x73, 0x02, 0x8d, 0x8a, 0x01, 0x00, 0x00, 0x00,
  0x74, 0x57, 0x00, 0x00, 0x07, 0x00, 0x00, 0x00, 0x3c, 0x00, 0x00, 0x00,
  0x4c, 0x00, 0x00, 0x00, 0xa8, 0x00, 0x00, 0x00, 0xe4, 0x00, 0x00, 0x00,
  0xf0, 0x01, 0x00, 0x00, 0xd4, 0x0b, 0x00, 0x00, 0xf0, 0x0b, 0x00, 0x00,
  0x53, 0x46, 0x49, 0x30, 0x08, 0x00, 0x00, 0x00, 0x00, 0x00, 0x00, 0x00,
  0x00, 0x00, 0x00, 0x00, 0x49, 0x53, 0x47, 0x31, 0x54, 0x00, 0x00, 0x00,
  0x02, 0x00, 0x00, 0x00, 0x08, 0x00, 0x00, 0x00, 0x00, 0x00, 0x00, 0x00,
  0x48, 0x00, 0x00, 0x00, 0x00, 0x00, 0x00, 0x00, 0x00, 0x00, 0x00, 0x00,
  0x03, 0x00, 0x00, 0x00, 0x00, 0x00, 0x00, 0x00, 0x0f, 0x0f, 0x00, 0x00,
  0x00, 0x00, 0x00, 0x00, 0x00, 0x00, 0x00, 0x00, 0x48, 0x00, 0x00, 0x00,
  0x01, 0x00, 0x00, 0x00, 0x00, 0x00, 0x00, 0x00, 0x03, 0x00, 0x00, 0x00,
  0x01, 0x00, 0x00, 0x00, 0x03, 0x03, 0x00, 0x00, 0x00, 0x00, 0x00, 0x00,
  0x54, 0x45, 0x58, 0x43, 0x4f, 0x4f, 0x52, 0x44, 0x00, 0x00, 0x00, 0x00,
  0x4f, 0x53, 0x47, 0x31, 0x34, 0x00, 0x00, 0x00, 0x01, 0x00, 0x00, 0x00,
  0x08, 0x00, 0x00, 0x00, 0x00, 0x00, 0x00, 0x00, 0x28, 0x00, 0x00, 0x00,
  0x00, 0x00, 0x00, 0x00, 0x40, 0x00, 0x00, 0x00, 0x03, 0x00, 0x00, 0x00,
  0x00, 0x00, 0x00, 0x00, 0x0f, 0x00, 0x00, 0x00, 0x00, 0x00, 0x00, 0x00,
  0x53, 0x56, 0x5f, 0x54, 0x61, 0x72, 0x67, 0x65, 0x74, 0x00, 0x00, 0x00,
  0x50, 0x53, 0x56, 0x30, 0x04, 0x01, 0x00, 0x00, 0x34, 0x00, 0x00, 0x00,
  0x00, 0x00, 0x00, 0x00, 0x00, 0x00, 0x00, 0x00, 0x00, 0x00, 0x00, 0x00,
  0x00, 0x00, 0x00, 0x00, 0x00, 0x00, 0x00, 0x00, 0xff, 0xff, 0xff, 0xff,
  0x00, 0x00, 0x00, 0x00, 0x02, 0x01, 0x00, 0x02, 0x01, 0x00, 0x00, 0x00,
  0x00, 0x00, 0x00, 0x00, 0x00, 0x00, 0x00, 0x00, 0x00, 0x00, 0x00, 0x00,
  0x13, 0x00, 0x00, 0x00, 0x03, 0x00, 0x00, 0x00, 0x18, 0x00, 0x00, 0x00,
  0x02, 0x00, 0x00, 0x00, 0x03, 0x00, 0x00, 0x00, 0x00, 0x00, 0x00, 0x00,
  0x00, 0x00, 0x00, 0x00, 0x0d, 0x00, 0x00, 0x00, 0x00, 0x00, 0x00, 0x00,
  0x01, 0x00, 0x00, 0x00, 0x02, 0x00, 0x00, 0x00, 0x00, 0x00, 0x00, 0x00,
  0x00, 0x00, 0x00, 0x00, 0x0e, 0x00, 0x00, 0x00, 0x00, 0x00, 0x00, 0x00,
  0x03, 0x00, 0x00, 0x00, 0x02, 0x00, 0x00, 0x00, 0x00, 0x00, 0x00, 0x00,
  0x00, 0x00, 0x00, 0x00, 0x02, 0x00, 0x00, 0x00, 0x00, 0x00, 0x00, 0x00,
  0x18, 0x00, 0x00, 0x00, 0x00, 0x54, 0x45, 0x58, 0x43, 0x4f, 0x4f, 0x52,
  0x44, 0x00, 0x54, 0x45, 0x58, 0x43, 0x4f, 0x4f, 0x52, 0x44, 0x00, 0x6d,
  0x61, 0x69, 0x6e, 0x00, 0x02, 0x00, 0x00, 0x00, 0x00, 0x00, 0x00, 0x00,
  0x01, 0x00, 0x00, 0x00, 0x10, 0x00, 0x00, 0x00, 0x01, 0x00, 0x00, 0x00,
  0x00, 0x00, 0x00, 0x00, 0x01, 0x00, 0x44, 0x00, 0x03, 0x02, 0x00, 0x00,
  0x0a, 0x00, 0x00, 0x00, 0x01, 0x00, 0x00, 0x00, 0x01, 0x01, 0x42, 0x00,
  0x03, 0x02, 0x00, 0x00, 0x00, 0x00, 0x00, 0x00, 0x00, 0x00, 0x00, 0x00,
  0x01, 0x00, 0x44, 0x10, 0x03, 0x00, 0x00, 0x00, 0x01, 0x00, 0x00, 0x00,
  0x02, 0x00, 0x00, 0x00, 0x04, 0x00, 0x00, 0x00, 0x08, 0x00, 0x00, 0x00,
  0x0f, 0x00, 0x00, 0x00, 0x0f, 0x00, 0x00, 0x00, 0x00, 0x00, 0x00, 0x00,
  0x00, 0x00, 0x00, 0x00, 0x53, 0x54, 0x41, 0x54, 0xdc, 0x09, 0x00, 0x00,
  0x60, 0x00, 0x00, 0x00, 0x77, 0x02, 0x00, 0x00, 0x44, 0x58, 0x49, 0x4c,
  0x00, 0x01, 0x00, 0x00, 0x10, 0x00, 0x00, 0x00, 0xc4, 0x09, 0x00, 0x00,
  0x42, 0x43, 0xc0, 0xde, 0x21, 0x0c, 0x00, 0x00, 0x6e, 0x02, 0x00, 0x00,
  0x0b, 0x82, 0x20, 0x00, 0x02, 0x00, 0x00, 0x00, 0x13, 0x00, 0x00, 0x00,
  0x07, 0x81, 0x23, 0x91, 0x41, 0xc8, 0x04, 0x49, 0x06, 0x10, 0x32, 0x39,
  0x92, 0x01, 0x84, 0x0c, 0x25, 0x05, 0x08, 0x19, 0x1e, 0x04, 0x8b, 0x62,
  0x80, 0x18, 0x45, 0x02, 0x42, 0x92, 0x0b, 0x42, 0xc4, 0x10, 0x32, 0x14,
  0x38, 0x08, 0x18, 0x4b, 0x0a, 0x32, 0x62, 0x88, 0x48, 0x90, 0x14, 0x20,
  0x43, 0x46, 0x88, 0xa5, 0x00, 0x19, 0x32, 0x42, 0xe4, 0x48, 0x0e, 0x90,
  0x11, 0x23, 0xc4, 0x50, 0x41, 0x51, 0x81, 0x8c, 0xe1, 0x83, 0xe5, 0x8a,
  0x04, 0x31, 0x46, 0x06, 0x51, 0x18, 0x00, 0x00, 0x08, 0x00, 0x00, 0x00,
  0x1b, 0x8c, 0xe0, 0xff, 0xff, 0xff, 0xff, 0x07, 0x40, 0x02, 0xa8, 0x0d,
  0x84, 0xf0, 0xff, 0xff, 0xff, 0xff, 0x03, 0x20, 0x6d, 0x30, 0x86, 0xff,
  0xff, 0xff, 0xff, 0x1f, 0x00, 0x09, 0xa8, 0x00, 0x49, 0x18, 0x00, 0x00,
  0x03, 0x00, 0x00, 0x00, 0x13, 0x82, 0x60, 0x42, 0x20, 0x4c, 0x08, 0x06,
  0x00, 0x00, 0x00, 0x00, 0x89, 0x20, 0x00, 0x00, 0x57, 0x00, 0x00, 0x00,
  0x32, 0x22, 0x88, 0x09, 0x20, 0x64, 0x85, 0x04, 0x13, 0x23, 0xa4, 0x84,
  0x04, 0x13, 0x23, 0xe3, 0x84, 0xa1, 0x90, 0x14, 0x12, 0x4c, 0x8c, 0x8c,
  0x0b, 0x84, 0xc4, 0x4c, 0x10, 0x9c, 0xc1, 0x08, 0x40, 0x09, 0x00, 0x0a,
  0x66, 0x00, 0xe6, 0x08, 0xc0, 0x60, 0x8e, 0x00, 0x29, 0xc6, 0x40, 0x10,
  0x44, 0x41, 0x90, 0x51, 0x0c, 0x80, 0x20, 0x88, 0x62, 0x20, 0xe4, 0xa6,
  0xe1, 0xf2, 0x27, 0xec, 0x21, 0x24, 0x7f, 0x25, 0xa4, 0x95, 0x98, 0xfc,
  0xe2, 0xb6, 0x51, 0x31, 0x0c, 0xc3, 0x40, 0x50, 0x71, 0xcf, 0x70, 0xf9,
  0x13, 0xf6, 0x10, 0x92, 0x1f, 0x02, 0xcd, 0xb0, 0x10, 0x28, 0x58, 0x0a,
  0xa3, 0x10, 0x0c, 0x33, 0x0c, 0xc3, 0x40, 0x10, 0xc4, 0x40, 0x4d, 0x21,
  0x06, 0x62, 0x18, 0xe8, 0x29, 0xc3, 0x40, 0x0c, 0x14, 0x15, 0x64, 0x20,
  0x86, 0x61, 0x18, 0x86, 0x81, 0xa6, 0x62, 0x0c, 0xc4, 0x30, 0x0c, 0x03,
  0x55, 0x47, 0x0d, 0x97, 0x3f, 0x61, 0x0f, 0x21, 0xf9, 0xdc, 0x46, 0x15,
  0x2b, 0x31, 0xf9, 0xc5, 0x6d, 0x23, 0x62, 0x18, 0x86, 0xa1, 0x10, 0x17,
  0xc1, 0x10, 0x84, 0xcd, 0x11, 0x04, 0xc5, 0x60, 0x88, 0x82, 0x20, 0x34,
  0xda, 0x06, 0x02, 0x86, 0x11, 0x88, 0x61, 0xa6, 0x36, 0x18, 0x07, 0x76,
  0x08, 0x87, 0x79, 0x98, 0x07, 0x37, 0xa0, 0x85, 0x72, 0xc0, 0x07, 0x7a,
  0xa8, 0x07, 0x79, 0x28, 0x07, 0x39, 0x20, 0x05, 0x3e, 0xb0, 0x87, 0x72,
  0x18, 0x07, 0x7a, 0x78, 0x07, 0x79, 0xe0, 0x03, 0x73, 0x60, 0x87, 0x77,
  0x08, 0x07, 0x7a, 0x60, 0x03, 0x30, 0xa0, 0x03, 0x3f, 0x00, 0x03, 0x3f,
  0xd0, 0x03, 0x3d, 0x68, 0x87, 0x74, 0x80, 0x87, 0x79, 0xf8, 0x05, 0x7a,
  0xc8, 0x07, 0x78, 0x28, 0x07, 0x14, 0x10, 0x33, 0x89, 0xc1, 0x38, 0xb0,
  0x43, 0x38, 0xcc, 0xc3, 0x3c, 0xb8, 0x01, 0x2d, 0x94, 0x03, 0x3e, 0xd0,
  0x43, 0x3d, 0xc8, 0x43, 0x39, 0xc8, 0x01, 0x29, 0xf0, 0x81, 0x3d, 0x94,
  0xc3, 0x38, 0xd0, 0xc3, 0x3b, 0xc8, 0x03, 0x1f, 0x98, 0x03, 0x3b, 0xbc,
  0x43, 0x38, 0xd0, 0x03, 0x1b, 0x80, 0x01, 0x1d, 0xf8, 0x01, 0x18, 0xf8,
  0x01, 0x12, 0xbc, 0x8f, 0xc0, 0x3b, 0x38, 0xa7, 0x99, 0x88, 0x6b, 0x42,
  0x8f, 0xe7, 0x79, 0x9e, 0xe7, 0x79, 0x9e, 0xe7, 0x79, 0x9e, 0xe7, 0x79,
  0x24, 0xde, 0x24, 0x4d, 0x11, 0x25, 0x4c, 0x3e, 0x0b, 0x30, 0xcf, 0x42,
  0x44, 0xec, 0x04, 0x4c, 0x04, 0x0a, 0x08, 0x22, 0x13, 0x81, 0x00, 0x00,
  0x13, 0x14, 0x72, 0xc0, 0x87, 0x74, 0x60, 0x87, 0x36, 0x68, 0x87, 0x79,
  0x68, 0x03, 0x72, 0xc0, 0x87, 0x0d, 0xaf, 0x50, 0x0e, 0x6d, 0xd0, 0x0e,
  0x7a, 0x50, 0x0e, 0x6d, 0x00, 0x0f, 0x7a, 0x30, 0x07, 0x72, 0xa0, 0x07,
  0x73, 0x20, 0x07, 0x6d, 0x90, 0x0e, 0x71, 0xa0, 0x07, 0x73, 0x20, 0x07,
  0x6d, 0x90, 0x0e, 0x78, 0xa0, 0x07, 0x73, 0x20, 0x07, 0x6d, 0x90, 0x0e,
  0x71, 0x60, 0x07, 0x7a, 0x30, 0x07, 0x72, 0xd0, 0x06, 0xe9, 0x30, 0x07,
  0x72, 0xa0, 0x07, 0x73, 0x20, 0x07, 0x6d, 0x90, 0x0e, 0x76, 0x40, 0x07,
  0x7a, 0x60, 0x07, 0x74, 0xd0, 0x06, 0xe6, 0x10, 0x07, 0x76, 0xa0, 0x07,
  0x73, 0x20, 0x07, 0x6d, 0x60, 0x0e, 0x73, 0x20, 0x07, 0x7a, 0x30, 0x07,
  0x72, 0xd0, 0x06, 0xe6, 0x60, 0x07, 0x74, 0xa0, 0x07, 0x76, 0x40, 0x07,
  0x6d, 0xe0, 0x0e, 0x78, 0xa0, 0x07, 0x71, 0x60, 0x07, 0x7a, 0x30, 0x07,
  0x72, 0xa0, 0x07, 0x76, 0x40, 0x07, 0x43, 0x9e, 0x00, 0x08, 0x00, 0x00,
  0x00, 0x00, 0x00, 0x00, 0x00, 0x00, 0x00, 0x86, 0x3c, 0x06, 0x10, 0x00,
  0x01, 0x00, 0x00, 0x00, 0x00, 0x00, 0x00, 0x00, 0x0c, 0x79, 0x10, 0x20,
  0x00, 0x04, 0x00, 0x00, 0x00, 0x00, 0x00, 0x00, 0x00, 0x18, 0xf2, 0x34,
  0x40, 0x00, 0x0c, 0x00, 0x00, 0x00, 0x00, 0x00, 0x00, 0x00, 0x30, 0xe4,
  0x79, 0x80, 0x00, 0x08, 0x00, 0x00, 0x00, 0x00, 0x00, 0x00, 0x00, 0x60,
  0xc8, 0x13, 0x01, 0x01, 0x10, 0x00, 0x00, 0x00, 0x00, 0x00, 0x00, 0x00,
  0xc0, 0x90, 0x67, 0x02, 0x02, 0x20, 0x00, 0x00, 0x00, 0x00, 0x00, 0x00,
  0x00, 0x80, 0x21, 0x4f, 0x05, 0x04, 0x40, 0x00, 0x00, 0x00, 0x00, 0x00,
  0x00, 0x00, 0x00, 0x43, 0x1e, 0x0c, 0x08, 0x80, 0x01, 0x00, 0x00, 0x00,
  0x00, 0x00, 0x00, 0x00, 0x86, 0x3c, 0x1b, 0x10, 0x00, 0x03, 0x00, 0x00,
  0x00, 0x00, 0x00, 0x00, 0x00, 0x64, 0x81, 0x00, 0x1d, 0x00, 0x00, 0x00,
  0x32, 0x1e, 0x98, 0x18, 0x19, 0x11, 0x4c, 0x90, 0x8c, 0x09, 0x26, 0x47,
  0xc6, 0x04, 0x43, 0x22, 0x4a, 0x60, 0x04, 0xa0, 0x18, 0x8a, 0xa0, 0x24,
  0xca, 0xa0, 0xc0, 0x07, 0xca, 0xa1, 0x34, 0x0a, 0xa1, 0x40, 0x0a, 0xa8,
  0xc0, 0x0a, 0x30, 0xa0, 0x40, 0x03, 0x0a, 0x38, 0xa0, 0xc0, 0x03, 0x0a,
  0x50, 0xa0, 0x40, 0x05, 0x0a, 0x58, 0xa0, 0xc0, 0x05, 0x0a, 0x70, 0xa0,
  0x40, 0x07, 0x0a, 0x78, 0xa0, 0x3c, 0xca, 0x55, 0xa0, 0x2c, 0x3d, 0x8a,
  0x9b, 0xa5, 0x28, 0x8a, 0x34, 0x80, 0x8a, 0x92, 0x18, 0x01, 0x28, 0x82,
  0x42, 0x28, 0x10, 0xd2, 0x6a, 0x80, 0xc2, 0x19, 0x00, 0x12, 0x67, 0x00,
  0x68, 0x9c, 0x01, 0xa0, 0x72, 0x06, 0x80, 0xcc, 0xb1, 0x10, 0x83, 0x08,
  0x04, 0x02, 0x79, 0x1e, 0x00, 0x00, 0x00, 0x00, 0x79, 0x18, 0x00, 0x00,
  0x0c, 0x01, 0x00, 0x00, 0x1a, 0x03, 0x4c, 0x90, 0x46, 0x02, 0x13, 0xc4,
  0x31, 0x20, 0xc3, 0x1b, 0x43, 0x81, 0x93, 0x4b, 0xb3, 0x0b, 0xa3, 0x2b,
  0x4b, 0x01, 0x89, 0x71, 0xc1, 0x71, 0x81, 0x71, 0xa1, 0xc9, 0xa9, 0x81,
  0x01, 0x41, 0x11, 0x8b, 0x81, 0xb1, 0x09, 0xcb, 0xb1, 0x89, 0x21, 0x4b,
  0xd9, 0x10, 0x04, 0x13, 0x04, 0x42, 0x99, 0x20, 0x10, 0xcb, 0x06, 0x61,
  0x20, 0x36, 0x08, 0x04, 0x41, 0x01, 0x6e, 0x6e, 0x82, 0x40, 0x30, 0x1b,
  0x86, 0x03, 0x21, 0x26, 0x08, 0x61, 0xe0, 0x06, 0x6c, 0xe6, 0xde, 0xea,
  0xe4, 0xc6, 0xca, 0xa8, 0xca, 0xf0, 0xe8, 0xea, 0xe4, 0xca, 0x26, 0x08,
  0x44, 0x33, 0x41, 0x20, 0x9c, 0x0d, 0x02, 0xd1, 0x6c, 0x48, 0x08, 0x65,
  0x61, 0x88, 0x81, 0x21, 0x9c, 0x0d, 0xc1, 0x33, 0x41, 0x18, 0x03, 0x38,
  0xe0, 0x31, 0xf4, 0xe6, 0x46, 0x57, 0x86, 0x47, 0x37, 0x41, 0x20, 0x9e,
  0x09, 0x02, 0x01, 0x6d, 0x40, 0x88, 0x48, 0x9a, 0x88, 0x81, 0x02, 0x36,
  0x04, 0xd5, 0x04, 0xa1, 0x0c, 0xe2, 0x80, 0xcd, 0xdc, 0x5b, 0x9d, 0xdc,
  0x58, 0xd9, 0x54, 0x58, 0x1b, 0x1c, 0x5b, 0x99, 0xdc, 0x06, 0x84, 0xb8,
  0x30, 0x86, 0x18, 0x08, 0x60, 0x43, 0x90, 0x6d, 0x20, 0x20, 0xc0, 0xd2,
  0x26, 0x08, 0x62, 0xf0, 0x06, 0x74, 0xe6, 0xde, 0xea, 0xe4, 0xc6, 0xca,
  0x88, 0xca, 0xe6, 0xe8, 0xa6, 0xd2, 0xf4, 0xca, 0x26, 0x08, 0x44, 0x34,
  0x41, 0xd0, 0xda, 0x60, 0x82, 0x40, 0x48, 0x13, 0x04, 0x62, 0xda, 0xa0,
  0x20, 0xdd, 0x44, 0x78, 0x4d, 0xf3, 0x81, 0x41, 0x18, 0x90, 0x31, 0x4b,
  0x63, 0xa3, 0x2b, 0x93, 0x83, 0x0a, 0x93, 0x0b, 0x6b, 0x9b, 0x9b, 0x20,
  0x10, 0xd4, 0x06, 0x05, 0x19, 0x83, 0x89, 0x0c, 0xbc, 0xa6, 0xf9, 0xc0,
  0x20, 0x0c, 0xd8, 0x94, 0x99, 0x99, 0x95, 0x8d, 0xd1, 0x41, 0x85, 0xc9,
  0x85, 0xb5, 0xcd, 0xc5, 0x4c, 0x10, 0x88, 0x6a, 0x83, 0x82, 0x98, 0xc1,
  0x74, 0x06, 0x5e, 0xd3, 0x7c, 0x60, 0x10, 0x06, 0x6c, 0xca, 0xcc, 0xcc,
  0xca, 0xc6, 0xe8, 0xa0, 0xc2, 0xe4, 0xc2, 0xda, 0xe6, 0x64, 0x26, 0x08,
  0x84, 0xb5, 0x41, 0x41, 0xd2, 0x60, 0x52, 0x03, 0xaf, 0x69, 0x3e, 0x30,
  0x08, 0x03, 0x2e, 0x62, 0x6c, 0x6f, 0x6f, 0x6d, 0x50, 0x61, 0x72, 0x61,
  0x6d, 0x73, 0x13, 0x04, 0xe2, 0xda, 0x80, 0x20, 0x6c, 0x30, 0xb5, 0x81,
  0xd7, 0x80, 0x41, 0x18, 0x50, 0x69, 0x0b, 0x9b, 0x5b, 0x83, 0x0a, 0x93,
  0x0b, 0x6b, 0x9b, 0x9b, 0x20, 0x10, 0xd8, 0x06, 0x05, 0x79, 0x83, 0x09,
  0x0e, 0xbc, 0xa6, 0xf9, 0xc0, 0x20, 0x0c, 0xa8, 0x8c, 0xbd, 0xb1, 0xbd,
  0xc9, 0x19, 0xb1, 0x85, 0x9d, 0xcd, 0x4d, 0x10, 0x88, 0x6c, 0x83, 0x82,
  0xc8, 0xc1, 0x34, 0x07, 0x5e, 0xd3, 0x7c, 0x60, 0x10, 0x06, 0x64, 0xc6,
  0xde, 0xd8, 0xde, 0xe4, 0x9a, 0xc2, 0xe8, 0xe4, 0xd2, 0xf0, 0x60, 0x26,
  0x08, 0x84, 0xb6, 0x41, 0x41, 0xea, 0x60, 0xb2, 0x03, 0xaf, 0x69, 0x3e,
  0x30, 0x08, 0x03, 0x32, 0x63, 0x6f, 0x6c, 0x6f, 0x72, 0x4d, 0x61, 0x74,
  0x72, 0x69, 0x78, 0x31, 0x13, 0x04, 0x62, 0xdb, 0xa0, 0x20, 0x78, 0x30,
  0xe5, 0x81, 0xd7, 0x34, 0x1f, 0x18, 0x84, 0x01, 0x99, 0xb1, 0x37, 0xb6,
  0x37, 0xb9, 0xa6, 0x30, 0x3a, 0xb9, 0x34, 0x3c, 0x99, 0x09, 0x02, 0xc1,
  0x6d, 0x50, 0x90, 0x3d, 0x98, 0xf8, 0xc0, 0x6b, 0x9a, 0x0f, 0x0c, 0xc2,
  0x80, 0x0b, 0x5c, 0xd8, 0xdc, 0x1c, 0x54, 0x98, 0x5c, 0x58, 0xdb, 0x1c,
  0xcc, 0x04, 0x81, 0xe8, 0x36, 0x28, 0x88, 0x1f, 0x4c, 0x7f, 0xe0, 0x35,
  0xcd, 0x07, 0x06, 0x61, 0xc0, 0x05, 0x2e, 0x6c, 0x6e, 0x0e, 0x2a, 0x4c,
  0x2e, 0xac, 0x6d, 0x2e, 0x66, 0x82, 0x40, 0x78, 0x1b, 0x14, 0x24, 0x14,
  0x26, 0x51, 0xf0, 0x9a, 0xe6, 0x03, 0x83, 0x30, 0x60, 0x23, 0xc6, 0xf6,
  0xf6, 0xd6, 0x36, 0x85, 0xf6, 0x56, 0xc7, 0x46, 0x56, 0x26, 0x37, 0x41,
  0x20, 0xbe, 0x0d, 0x0a, 0x42, 0x0a, 0x53, 0x29, 0x78, 0x4d, 0xf3, 0x81,
  0x41, 0x18, 0xf0, 0x11, 0x63, 0x7b, 0x7b, 0x6b, 0xa3, 0x42, 0x93, 0x2b,
  0x9b, 0x43, 0x7b, 0x63, 0x23, 0x9b, 0x9b, 0x20, 0x10, 0x60, 0xb0, 0x41,
  0x41, 0x4e, 0x61, 0x42, 0x05, 0xaf, 0x69, 0x3e, 0x30, 0x08, 0x03, 0x42,
  0x62, 0x6c, 0x6f, 0x6f, 0x6d, 0x42, 0x61, 0x73, 0x65, 0x57, 0x65, 0x69,
  0x67, 0x68, 0x74, 0x73, 0x13, 0x04, 0x22, 0x0c, 0x36, 0x28, 0x88, 0x2a,
  0x4c, 0xab, 0xe0, 0x35, 0xcd, 0x07, 0x06, 0x61, 0xb0, 0x01, 0xa2, 0xc4,
  0xa0, 0x0c, 0xd0, 0x60, 0x0d, 0xdc, 0x20, 0x0e, 0xe8, 0xe0, 0x0e, 0xf4,
  0xa0, 0x0f, 0x40, 0x61, 0x14, 0x4c, 0x21, 0x15, 0x58, 0x61, 0xc3, 0x40,
  0x70, 0xad, 0x30, 0x41, 0x10, 0x80, 0x0d, 0xc0, 0x86, 0x81, 0x80, 0x05,
  0x58, 0xd8, 0x10, 0xc4, 0xc2, 0x86, 0x61, 0x78, 0x05, 0x59, 0x98, 0x20,
  0x98, 0x81, 0x1c, 0x6c, 0x08, 0x68, 0x81, 0x44, 0x5b, 0x58, 0x9a, 0x1b,
  0x11, 0xaa, 0x22, 0xac, 0xa1, 0xa7, 0x27, 0x29, 0xa2, 0x09, 0x42, 0x81,
  0x06, 0x13, 0x84, 0x22, 0x0d, 0x36, 0x04, 0xc4, 0x04, 0xa1, 0x50, 0x83,
  0x09, 0x42, 0xb1, 0x06, 0x13, 0x04, 0x42, 0x0c, 0x36, 0x08, 0x53, 0x2f,
  0x6c, 0x58, 0x88, 0x5b, 0xc0, 0x85, 0x5c, 0xd0, 0x85, 0x5d, 0x18, 0x78,
  0x81, 0xc8, 0x05, 0x5f, 0xd8, 0x10, 0x0c, 0x1b, 0x84, 0x69, 0xda, 0xb0,
  0x0c, 0xb7, 0x80, 0x0b, 0xb9, 0x00, 0x0e, 0xbb, 0x30, 0xec, 0xc2, 0x90,
  0x0b, 0xe1, 0xb0, 0x41, 0xf8, 0x05, 0x71, 0x60, 0x32, 0x65, 0xf5, 0x45,
  0x15, 0x26, 0x77, 0x56, 0x46, 0x37, 0x41, 0x28, 0xd8, 0x60, 0xc3, 0x42,
  0x90, 0x03, 0x2e, 0x94, 0x83, 0x2e, 0xe4, 0xc2, 0xc0, 0x0b, 0x44, 0x2e,
  0xf8, 0xc2, 0x86, 0xc0, 0x1c, 0x36, 0x0c, 0xe3, 0x70, 0x0e, 0xc0, 0x86,
  0xe2, 0x15, 0x6c, 0x01, 0x1d, 0x36, 0x80, 0x88, 0x98, 0x5c, 0x98, 0xdb,
  0x18, 0x5a, 0xd9, 0xdc, 0x04, 0x81, 0x18, 0x03, 0x1a, 0x66, 0x6c, 0x6f,
  0x61, 0x74, 0x73, 0x13, 0x04, 0x82, 0x0c, 0x58, 0xa4, 0xb9, 0xcd, 0xd1,
  0xcd, 0x4d, 0x10, 0x88, 0x32, 0x20, 0x91, 0xe6, 0x46, 0x37, 0x37, 0x41,
  0x20, 0xcc, 0x80, 0xc6, 0x5c, 0xda, 0xd9, 0x17, 0x1b, 0x19, 0x8d, 0xb9,
  0xb4, 0xb3, 0xaf, 0x39, 0x3a, 0x22, 0x74, 0x65, 0x78, 0x5f, 0x6e, 0x6f,
  0x72, 0x6d, 0x13, 0x04, 0xe2, 0x0c, 0x58, 0xd4, 0xa5, 0xb9, 0xd1, 0xcd,
  0x6d, 0x80, 0xd4, 0x61, 0x1d, 0xd8, 0xa1, 0x1d, 0xdc, 0xe1, 0x1d, 0xe0,
  0x21, 0x1e, 0xe4, 0x01, 0x99, 0x07, 0x35, 0xa0, 0x87, 0x7a, 0xb0, 0x87,
  0x30, 0xa8, 0xc2, 0xc6, 0x66, 0xd7, 0xe6, 0x92, 0x46, 0x56, 0xe6, 0x46,
  0x37, 0x25, 0x08, 0xaa, 0x90, 0xe1, 0xb9, 0xd8, 0x95, 0xc9, 0xcd, 0xa5,
  0xbd, 0xb9, 0x4d, 0x09, 0x88, 0x26, 0x64, 0x78, 0x2e, 0x76, 0x61, 0x6c,
  0x76, 0x65, 0x72, 0x53, 0x82, 0xa2, 0x0e, 0x19, 0x9e, 0xcb, 0x1c, 0x5a,
  0x18, 0x59, 0x99, 0x5c, 0xd3, 0x1b, 0x59, 0x19, 0xdb, 0x94, 0x00, 0x29,
  0x43, 0x86, 0xe7, 0x22, 0x57, 0x36, 0xf7, 0x56, 0x27, 0x37, 0x56, 0x36,
  0x37, 0x25, 0xd0, 0x2a, 0x91, 0xe1, 0xb9, 0xd0, 0xe5, 0xc1, 0x95, 0x05,
  0xb9, 0xb9, 0xbd, 0xd1, 0x85, 0xd1, 0xa5, 0xbd, 0xb9, 0xcd, 0x4d, 0x11,
  0x5a, 0x41, 0x16, 0xea, 0x90, 0xe1, 0xb9, 0xd8, 0xa5, 0x95, 0xdd, 0x25,
  0x91, 0x4d, 0xd1, 0x85, 0xd1, 0x95, 0x4d, 0x09, 0x68, 0xa1, 0x0e, 0x19,
  0x9e, 0x4b, 0x99, 0x1b, 0x9d, 0x5c, 0x1e, 0xd4, 0x5b, 0x9a, 0x1b, 0xdd,
  0xdc, 0x94, 0x00, 0x1d, 0xba, 0x90, 0xe1, 0xb9, 0x8c, 0xbd, 0xd5, 0xb9,
  0xd1, 0x95, 0xc9, 0xcd, 0x4d, 0x09, 0xec, 0x01, 0x79, 0x18, 0x00, 0x00,
  0x55, 0x00, 0x00, 0x00, 0x33, 0x08, 0x80, 0x1c, 0xc4, 0xe1, 0x1c, 0x66,
  0x14, 0x01, 0x3d, 0x88, 0x43, 0x38, 0x84, 0xc3, 0x8c, 0x42, 0x80, 0x07,
  0x79, 0x78, 0x07, 0x73, 0x98, 0x71, 0x0c, 0xe6, 0x00, 0x0f, 0xed, 0x10,
  0x0e, 0xf4, 0x80, 0x0e, 0x33, 0x0c, 0x42, 0x1e, 0xc2, 0xc1, 0x1d, 0xce,
  0xa1, 0x1c, 0x66, 0x30, 0x05, 0x3d, 0x88, 0x43, 0x38, 0x84, 0x83, 0x1b,
  0xcc, 0x03, 0x3d, 0xc8, 0x43, 0x3d, 0x8c, 0x03, 0x3d, 0xcc, 0x78, 0x8c,
  0x74, 0x70, 0x07, 0x7b, 0x08, 0x07, 0x79, 0x48, 0x87, 0x70, 0x70, 0x07,
  0x7a, 0x70, 0x03, 0x76, 0x78, 0x87, 0x70, 0x20, 0x87, 0x19, 0xcc, 0x11,
  0x0e, 0xec, 0x90, 0x0e, 0xe1, 0x30, 0x0f, 0x6e, 0x30, 0x0f, 0xe3, 0xf0,
  0x0e, 0xf0, 0x50, 0x0e, 0x33, 0x10, 0xc4, 0x1d, 0xde, 0x21, 0x1c, 0xd8,
  0x21, 0x1d, 0xc2, 0x61, 0x1e, 0x66, 0x30, 0x89, 0x3b, 0xbc, 0x83, 0x3b,
  0xd0, 0x43, 0x39, 0xb4, 0x03, 0x3c, 0xbc, 0x83, 0x3c, 0x84, 0x03, 0x3b,
  0xcc, 0xf0, 0x14, 0x76, 0x60, 0x07, 0x7b, 0x68, 0x07, 0x37, 0x68, 0x87,
  0x72, 0x68, 0x07, 0x37, 0x80, 0x87, 0x70, 0x90, 0x87, 0x70, 0x60, 0x07,
  0x76, 0x28, 0x07, 0x76, 0xf8, 0x05, 0x76, 0x78, 0x87, 0x77, 0x80, 0x87,
  0x5f, 0x08, 0x87, 0x71, 0x18, 0x87, 0x72, 0x98, 0x87, 0x79, 0x98, 0x81,
  0x2c, 0xee, 0xf0, 0x0e, 0xee, 0xe0, 0x0e, 0xf5, 0xc0, 0x0e, 0xec, 0x30,
  0x03, 0x62, 0xc8, 0xa1, 0x1c, 0xe4, 0xa1, 0x1c, 0xcc, 0xa1, 0x1c, 0xe4,
  0xa1, 0x1c, 0xdc, 0x61, 0x1c, 0xca, 0x21, 0x1c, 0xc4, 0x81, 0x1d, 0xca,
  0x61, 0x06, 0xd6, 0x90, 0x43, 0x39, 0xc8, 0x43, 0x39, 0x98, 0x43, 0x39,
  0xc8, 0x43, 0x39, 0xb8, 0xc3, 0x38, 0x94, 0x43, 0x38, 0x88, 0x03, 0x3b,
  0x94, 0xc3, 0x2f, 0xbc, 0x83, 0x3c, 0xfc, 0x82, 0x3b, 0xd4, 0x03, 0x3b,
  0xb0, 0xc3, 0x0c, 0xc4, 0x21, 0x07, 0x7c, 0x70, 0x03, 0x7a, 0x28, 0x87,
  0x76, 0x80, 0x87, 0x19, 0xca, 0xc3, 0x0e, 0xec, 0x60, 0x0f, 0xed, 0xe0,
  0x06, 0xec, 0xf0, 0x0e, 0xef, 0x00, 0x0f, 0x33, 0x22, 0x88, 0x1c, 0xf0,
  0xc1, 0x0d, 0xc8, 0x41, 0x1c, 0xce, 0xc1, 0x0d, 0xec, 0x21, 0x1c, 0xe4,
  0x81, 0x1d, 0xc2, 0x21, 0x1f, 0xde, 0xa1, 0x1e, 0xe8, 0x61, 0x06, 0x13,
  0x91, 0x03, 0x3e, 0xb8, 0x81, 0x38, 0xc8, 0x43, 0x39, 0x84, 0xc3, 0x3a,
  0xb8, 0x81, 0x38, 0xc8, 0x03, 0x00, 0x00, 0x00, 0x71, 0x20, 0x00, 0x00,
  0x26, 0x00, 0x00, 0x00, 0x46, 0x00, 0x0d, 0x97, 0xef, 0x3c, 0x7e, 0x80,
  0x34, 0x40, 0x84, 0xf9, 0xc5, 0x6d, 0x1b, 0xc2, 0x36, 0x5c, 0xbe, 0xf3,
  0xf8, 0x42, 0x40, 0x15, 0x05, 0x11, 0x95, 0x0e, 0x30, 0x94, 0x84, 0x01,
  0x08, 0x98, 0x5f, 0xdc, 0xb6, 0x25, 0x48, 0xc3, 0xe5, 0x3b, 0x8f, 0x2f,
  0x44, 0x04, 0x30, 0x11, 0x21, 0xd0, 0x0c, 0x0b, 0x61, 0x07, 0xce, 0x70,
  0xf9, 0xce, 0xe3, 0x0f, 0xce, 0x64, 0xfb, 0xc5, 0x6d, 0x9b, 0x81, 0x33,
  0x5c, 0xbe, 0xf3, 0xf8, 0x83, 0x33, 0xdd, 0x7e, 0x71, 0xdb, 0x16, 0x30,
  0x0d, 0x97, 0xef, 0x3c, 0xfe, 0xe2, 0x00, 0x83, 0xd8, 0x3c, 0xd4, 0xe4,
  0x17, 0xb7, 0x6d, 0x03, 0xd5, 0x70, 0xf9, 0xce, 0xe3, 0x4b, 0x00, 0xf3,
  0x2c, 0x44, 0x49, 0x54, 0xc4, 0xe2, 0x17, 0xb7, 0x6d, 0x02, 0xd5, 0x70,
  0xf9, 0xce, 0xe3, 0x4b, 0x93, 0x13, 0x11, 0x28, 0x35, 0x3d, 0xd4, 0xe4,
  0x17, 0xb7, 0x6d, 0x05, 0xcf, 0x70, 0xf9, 0xce, 0xe3, 0x53, 0x0d, 0x10,
  0x61, 0x7e, 0x71, 0xdb, 0x06, 0x40, 0x30, 0x00, 0xd2, 0x00, 0x00, 0x00,
  0x00, 0x00, 0x00, 0x00, 0x48, 0x41, 0x53, 0x48, 0x14, 0x00, 0x00, 0x00,
  0x00, 0x00, 0x00, 0x00, 0xac, 0x74, 0x65, 0x1c, 0x7d, 0x36, 0x1c, 0x32,
  0x19, 0xa9, 0x18, 0x85, 0x83, 0x63, 0x22, 0xbb, 0x44, 0x58, 0x49, 0x4c,
  0x7c, 0x4b, 0x00, 0x00, 0x60, 0x00, 0x00, 0x00, 0xdf, 0x12, 0x00, 0x00,
  0x44, 0x58, 0x49, 0x4c, 0x00, 0x01, 0x00, 0x00, 0x10, 0x00, 0x00, 0x00,
  0x64, 0x4b, 0x00, 0x00, 0x42, 0x43, 0xc0, 0xde, 0x21, 0x0c, 0x00, 0x00,
  0xd6, 0x12, 0x00, 0x00, 0x0b, 0x82, 0x20, 0x00, 0x02, 0x00, 0x00, 0x00,
  0x13, 0x00, 0x00, 0x00, 0x07, 0x81, 0x23, 0x91, 0x41, 0xc8, 0x04, 0x49,
  0x06, 0x10, 0x32, 0x39, 0x92, 0x01, 0x84, 0x0c, 0x25, 0x05, 0x08, 0x19,
  0x1e, 0x04, 0x8b, 0x62, 0x80, 0x18, 0x45, 0x02, 0x42, 0x92, 0x0b, 0x42,
  0xc4, 0x10, 0x32, 0x14, 0x38, 0x08, 0x18, 0x4b, 0x0a, 0x32, 0x62, 0x88,
  0x48, 0x90, 0x14, 0x20, 0x43, 0x46, 0x88, 0xa5, 0x00, 0x19, 0x32, 0x42,
  0xe4, 0x48, 0x0e, 0x90, 0x11, 0x23, 0xc4, 0x50, 0x41, 0x51, 0x81, 0x8c,
  0xe1, 0x83, 0xe5, 0x8a, 0x04, 0x31, 0x46, 0x06, 0x51, 0x18, 0x00, 0x00,
  0x08, 0x00, 0x00, 0x00, 0x1b, 0x8c, 0xe0, 0xff, 0xff, 0xff, 0xff, 0x07,
  0x40, 0x02, 0xa8, 0x0d, 0x84, 0xf0, 0xff, 0xff, 0xff, 0xff, 0x03, 0x20,
  0x6d, 0x30, 0x86, 0xff, 0xff, 0xff, 0xff, 0x1f, 0x00, 0x09, 0xa8, 0x00,
  0x49, 0x18, 0x00, 0x00, 0x03, 0x00, 0x00, 0x00, 0x13, 0x82, 0x60, 0x42,
  0x20, 0x4c, 0x08, 0x06, 0x00, 0x00, 0x00, 0x00, 0x89, 0x20, 0x00, 0x00,
  0x58, 0x00, 0x00, 0x00, 0x32, 0x22, 0x88, 0x09, 0x20, 0x64, 0x85, 0x04,
  0x13, 0x23, 0xa4, 0x84, 0x04, 0x13, 0x23, 0xe3, 0x84, 0xa1, 0x90, 0x14,
  0x12, 0x4c, 0x8c, 0x8c, 0x0b, 0x84, 0xc4, 0x4c, 0x10, 0xa0, 0xc1, 0x08,
  0x40, 0x09, 0x00, 0x0a, 0x66, 0x00, 0xe6, 0x08, 0xc0, 0x60, 0x8e, 0x00,
  0x29, 0xc6, 0x40, 0x10, 0x44, 0x41, 0x90, 0x51, 0x0c, 0x80, 0x20, 0x88,
  0x62, 0x20, 0xe4, 0xa6, 0xe1, 0xf2, 0x27, 0xec, 0x21, 0x24, 0x7f, 0x25,
  0xa4, 0x95, 0x98, 0xfc, 0xe2, 0xb6, 0x51, 0x31, 0x0c, 0xc3, 0x40, 0x50,
  0x71, 0xcf, 0x70, 0xf9, 0x13, 0xf6, 0x10, 0x92, 0x1f, 0x02, 0xcd, 0xb0,
  0x10, 0x28, 0x58, 0x0a, 0xa3, 0x10, 0x0c, 0x33, 0x0c, 0xc3, 0x40, 0x10,
  0xc4, 0x40, 0x4d, 0x21, 0x06, 0x62, 0x18, 0xe8, 0x29, 0xc3, 0x40, 0x0c,
  0x14, 0x15, 0x64, 0x20, 0x86, 0x61, 0x18, 0x86, 0x81, 0xa6, 0x62, 0x0c,
  0xc4, 0x30, 0x0c, 0x03, 0x55, 0x47, 0x0d, 0x97, 0x3f, 0x61, 0x0f, 0x21,
  0xf9, 0xdc, 0x46, 0x15, 0x2b, 0x31, 0xf9, 0xc5, 0x6d, 0x23, 0x62, 0x18,
  0x86, 0xa1, 0x10, 0x17, 0xc1, 0x10, 0x84, 0xcd, 0x11, 0x04, 0xc5, 0x60,
  0x88, 0x82, 0x20, 0x34, 0xda, 0x06, 0x02, 0x86, 0x11, 0x88, 0x61, 0xa6,
  0x36, 0x18, 0x07, 0x76, 0x08, 0x87, 0x79, 0x98, 0x07, 0x37, 0xa0, 0x85,
  0x72, 0xc0, 0x07, 0x7a, 0xa8, 0x07, 0x79, 0x28, 0x07, 0x39, 0x20, 0x05,
  0x3e, 0xb0, 0x87, 0x72, 0x18, 0x07, 0x7a, 0x78, 0x07, 0x79, 0xe0, 0x03,
  0x73, 0x60, 0x87, 0x77, 0x08, 0x07, 0x7a, 0x60, 0x03, 0x30, 0xa0, 0x03,
  0x3f, 0x00, 0x03, 0x3f, 0xd0, 0x03, 0x3d, 0x68, 0x87, 0x74, 0x80, 0x87,
  0x79, 0xf8, 0x05, 0x7a, 0xc8, 0x07, 0x78, 0x28, 0x07, 0x14, 0x10, 0x33,
  0x89, 0xc1, 0x38, 0xb0, 0x43, 0x38, 0xcc, 0xc3, 0x3c, 0xb8, 0x01, 0x2d,
  0x94, 0x03, 0x3e, 0xd0, 0x43, 0x3d, 0xc8, 0x43, 0x39, 0xc8, 0x01, 0x29,
  0xf0, 0x81, 0x3d, 0x94, 0xc3, 0x38, 0xd0, 0xc3, 0x3b, 0xc8, 0x03, 0x1f,
  0x98, 0x03, 0x3b, 0xbc, 0x43, 0x38, 0xd0, 0x03, 0x1b, 0x80, 0x01, 0x1d,
  0xf8, 0x01, 0x18, 0xf8, 0x01, 0x12, 0xbc, 0x8f, 0xc0, 0x3b, 0x38, 0xa7,
  0x99, 0x88, 0x6b, 0x42, 0x8f, 0xe7, 0x79, 0x9e, 0xe7, 0x79, 0x9e, 0xe7,
  0x79, 0x9e, 0xe7, 0x79, 0x24, 0xde, 0x24, 0x4d, 0x11, 0x25, 0x4c, 0x3e,
  0x0b, 0x30, 0xcf, 0x42, 0x44, 0xec, 0x04, 0x4c, 0x04, 0x0a, 0x08, 0x22,
  0x13, 0x81, 0x98, 0x02, 0x00, 0x00, 0x00, 0x00, 0x13, 0x14, 0x72, 0xc0,
  0x87, 0x74, 0x60, 0x87, 0x36, 0x68, 0x87, 0x79, 0x68, 0x03, 0x72, 0xc0,
  0x87, 0x0d, 0xaf, 0x50, 0x0e, 0x6d, 0xd0, 0x0e, 0x7a, 0x50, 0x0e, 0x6d,
  0x00, 0x0f, 0x7a, 0x30, 0x07, 0x72, 0xa0, 0x07, 0x73, 0x20, 0x07, 0x6d,
  0x90, 0x0e, 0x71, 0xa0, 0x07, 0x73, 0x20, 0x07, 0x6d, 0x90, 0x0e, 0x78,
  0xa0, 0x07, 0x73, 0x20, 0x07, 0x6d, 0x90, 0x0e, 0x71, 0x60, 0x07, 0x7a,
  0x30, 0x07, 0x72, 0xd0, 0x06, 0xe9, 0x30, 0x07, 0x72, 0xa0, 0x07, 0x73,
  0x20, 0x07, 0x6d, 0x90, 0x0e, 0x76, 0x40, 0x07, 0x7a, 0x60, 0x07, 0x74,
  0xd0, 0x06, 0xe6, 0x10, 0x07, 0x76, 0xa0, 0x07, 0x73, 0x20, 0x07, 0x6d,
  0x60, 0x0e, 0x73, 0x20, 0x07, 0x7a, 0x30, 0x07, 0x72, 0xd0, 0x06, 0xe6,
  0x60, 0x07, 0x74, 0xa0, 0x07, 0x76, 0x40, 0x07, 0x6d, 0xe0, 0x0e, 0x78,
  0xa0, 0x07, 0x71, 0x60, 0x07, 0x7a, 0x30, 0x07, 0x72, 0xa0, 0x07, 0x76,
  0x40, 0x07, 0x43, 0x9e, 0x00, 0x00, 0x00, 0x00, 0x00, 0x00, 0x00, 0x00,
  0x00, 0x00, 0x00, 0x86, 0x3c, 0x06, 0x10, 0x00, 0x01, 0x00, 0x00, 0x00,
  0x00, 0x00, 0x00, 0x00, 0x0c, 0x79, 0x10, 0x20, 0x00, 0x04, 0x00, 0x00,
  0x00, 0x00, 0x00, 0x00, 0x00, 0x18, 0xf2, 0x34, 0x40, 0x00, 0x0c, 0x00,
  0x00, 0x00, 0x00, 0x00, 0x00, 0x00, 0x30, 0xe4, 0x79, 0x80, 0x00, 0x08,
  0x00, 0x00, 0x00, 0x00, 0x00, 0x00, 0x00, 0x60, 0xc8, 0x13, 0x01, 0x01,
  0x10, 0x00, 0x00, 0x00, 0x00, 0x00, 0x00, 0x00, 0xc0, 0x90, 0x67, 0x02,
  0x02, 0x20, 0x00, 0x00, 0x00, 0x00, 0x00, 0x00, 0x00, 0x80, 0x21, 0x4f,
  0x05, 0x04, 0x40, 0x00, 0x00, 0x00, 0x00, 0x00, 0x00, 0x00, 0x00, 0x43,
  0x1e, 0x0c, 0x08, 0x80, 0x01, 0x00, 0x00, 0x00, 0x00, 0x00, 0x00, 0x00,
  0x86, 0x3c, 0x1b, 0x10, 0x00, 0x03, 0x00, 0x00, 0x00, 0x00, 0x00, 0x00,
  0x00, 0x64, 0x81, 0x00, 0x0f, 0x00, 0x00, 0x00, 0x32, 0x1e, 0x98, 0x14,
  0x19, 0x11, 0x4c, 0x90, 0x8c, 0x09, 0x26, 0x47, 0xc6, 0x04, 0x43, 0x22,
  0x4a, 0x60, 0x04, 0xa0, 0x24, 0x8a, 0xa1, 0x08, 0xca, 0xa0, 0xc0, 0x07,
  0xca, 0x83, 0x8a, 0x92, 0x18, 0x01, 0x28, 0x82, 0x42, 0x28, 0x10, 0x0a,
  0x67, 0x00, 0x68, 0x9c, 0x01, 0xa0, 0x72, 0x06, 0x80, 0xcc, 0xb1, 0x10,
  0x83, 0x08, 0x04, 0x02, 0x79, 0x1e, 0x00, 0x00, 0x79, 0x18, 0x00, 0x00,
  0x60, 0x00, 0x00, 0x00, 0x1a, 0x03, 0x4c, 0x90, 0x46, 0x02, 0x13, 0xc4,
  0x31, 0x20, 0xc3, 0x1b, 0x43, 0x81, 0x93, 0x4b, 0xb3, 0x0b, 0xa3, 0x2b,
  0x4b, 0x01, 0x89, 0x71, 0xc1, 0x71, 0x81, 0x71, 0xa1, 0xc9, 0xa9, 0x81,
  0x01, 0x41, 0x11, 0x8b, 0x81, 0xb1, 0x09, 0xcb, 0xb1, 0x89, 0x21, 0x4b,
  0xd9, 0x10, 0x04, 0x13, 0x04, 0x42, 0x99, 0x20, 0x10, 0xcb, 0x06, 0x61,
  0x20, 0x26, 0x08, 0x04, 0xb3, 0x41, 0x18, 0x0c, 0x0a, 0x70, 0x73, 0x13,
  0x04, 0xa2, 0xd9, 0x30, 0x20, 0x09, 0x31, 0x41, 0x08, 0x83, 0x8b, 0xc0,
  0x04, 0x81, 0x70, 0x36, 0x08, 0x84, 0xb1, 0x21, 0x21, 0x16, 0xa6, 0x21,
  0x86, 0x86, 0x70, 0x36, 0x04, 0xcf, 0x04, 0x61, 0x0c, 0xb0, 0x09, 0x02,
  0xf1, 0x4c, 0x10, 0x08, 0x68, 0x03, 0x42, 0x44, 0x8c, 0x44, 0x0c, 0x13,
  0xb0, 0x21, 0xa0, 0x26, 0x08, 0x65, 0x90, 0x6d, 0x40, 0x08, 0x8b, 0x69,
  0x88, 0x81, 0x00, 0x36, 0x04, 0xd7, 0x06, 0x02, 0x02, 0x2a, 0x6c, 0x82,
  0x60, 0x06, 0xda, 0x86, 0x40, 0x9b, 0x20, 0x08, 0x00, 0x89, 0xb6, 0xb0,
  0x34, 0x37, 0x22, 0x54, 0x45, 0x58, 0x43, 0x4f, 0x4f, 0x52, 0x44, 0x13,
  0x84, 0x42, 0x9a, 0x20, 0x14, 0xd3, 0x86, 0x80, 0x98, 0x20, 0x14, 0xd4,
  0x04, 0xa1, 0xa8, 0x26, 0x08, 0x44, 0xb4, 0x41, 0x90, 0xc8, 0x60, 0xc3,
  0x42, 0x78, 0x1f, 0x18, 0x84, 0x81, 0x18, 0x0c, 0x63, 0x40, 0x80, 0x41,
  0x19, 0x6c, 0x08, 0x86, 0x0d, 0x82, 0x24, 0x6d, 0x58, 0x06, 0xef, 0x03,
  0x83, 0x33, 0x10, 0x83, 0x41, 0x0c, 0x06, 0x30, 0x40, 0x83, 0x0d, 0x82,
  0x19, 0xa4, 0x01, 0x93, 0x29, 0xab, 0x2f, 0xaa, 0x30, 0xb9, 0xb3, 0x32,
  0xba, 0x09, 0x42, 0x61, 0x6d, 0x58, 0x88, 0x35, 0xf8, 0xd8, 0x20, 0x0c,
  0xc0, 0x60, 0x18, 0x03, 0x02, 0x0c, 0xca, 0x60, 0x43, 0xd0, 0x06, 0x1b,
  0x06, 0x35, 0x70, 0x03, 0x60, 0x43, 0xc1, 0x75, 0x6f, 0x90, 0x01, 0x55,
  0xd8, 0xd8, 0xec, 0xda, 0x5c, 0xd2, 0xc8, 0xca, 0xdc, 0xe8, 0xa6, 0x04,
  0x41, 0x15, 0x32, 0x3c, 0x17, 0xbb, 0x32, 0xb9, 0xb9, 0xb4, 0x37, 0xb7,
  0x29, 0x01, 0xd1, 0x84, 0x0c, 0xcf, 0xc5, 0x2e, 0x8c, 0xcd, 0xae, 0x4c,
  0x6e, 0x4a, 0x60, 0xd4, 0x21, 0xc3, 0x73, 0x99, 0x43, 0x0b, 0x23, 0x2b,
  0x93, 0x6b, 0x7a, 0x23, 0x2b, 0x63, 0x9b, 0x12, 0x24, 0x65, 0xc8, 0xf0,
  0x5c, 0xe4, 0xca, 0xe6, 0xde, 0xea, 0xe4, 0xc6, 0xca, 0xe6, 0xa6, 0x04,
  0x58, 0x1d, 0x32, 0x3c, 0x17, 0xbb, 0xb4, 0xb2, 0xbb, 0x24, 0xb2, 0x29,
  0xba, 0x30, 0xba, 0xb2, 0x29, 0x81, 0x56, 0x87, 0x0c, 0xcf, 0xa5, 0xcc,
  0x8d, 0x4e, 0x2e, 0x0f, 0xea, 0x2d, 0xcd, 0x8d, 0x6e, 0x6e, 0x4a, 0xf0,
  0x06, 0x00, 0x00, 0x00, 0x79, 0x18, 0x00, 0x00, 0x55, 0x00, 0x00, 0x00,
  0x33, 0x08, 0x80, 0x1c, 0xc4, 0xe1, 0x1c, 0x66, 0x14, 0x01, 0x3d, 0x88,
  0x43, 0x38, 0x84, 0xc3, 0x8c, 0x42, 0x80, 0x07, 0x79, 0x78, 0x07, 0x73,
  0x98, 0x71, 0x0c, 0xe6, 0x00, 0x0f, 0xed, 0x10, 0x0e, 0xf4, 0x80, 0x0e,
  0x33, 0x0c, 0x42, 0x1e, 0xc2, 0xc1, 0x1d, 0xce, 0xa1, 0x1c, 0x66, 0x30,
  0x05, 0x3d, 0x88, 0x43, 0x38, 0x84, 0x83, 0x1b, 0xcc, 0x03, 0x3d, 0xc8,
  0x43, 0x3d, 0x8c, 0x03, 0x3d, 0xcc, 0x78, 0x8c, 0x74, 0x70, 0x07, 0x7b,
  0x08, 0x07, 0x79, 0x48, 0x87, 0x70, 0x70, 0x07, 0x7a, 0x70, 0x03, 0x76,
  0x78, 0x87, 0x70, 0x20, 0x87, 0x19, 0xcc, 0x11, 0x0e, 0xec, 0x90, 0x0e,
  0xe1, 0x30, 0x0f, 0x6e, 0x30, 0x0f, 0xe3, 0xf0, 0x0e, 0xf0, 0x50, 0x0e,
  0x33, 0x10, 0xc4, 0x1d, 0xde, 0x21, 0x1c, 0xd8, 0x21, 0x1d, 0xc2, 0x61,
  0x1e, 0x66, 0x30, 0x89, 0x3b, 0xbc, 0x83, 0x3b, 0xd0, 0x43, 0x39, 0xb4,
  0x03, 0x3c, 0xbc, 0x83, 0x3c, 0x84, 0x03, 0x3b, 0xcc, 0xf0, 0x14, 0x76,
  0x60, 0x07, 0x7b, 0x68, 0x07, 0x37, 0x68, 0x87, 0x72, 0x68, 0x07, 0x37,
  0x80, 0x87, 0x70, 0x90, 0x87, 0x70, 0x60, 0x07, 0x76, 0x28, 0x07, 0x76,
  0xf8, 0x05, 0x76, 0x78, 0x87, 0x77, 0x80, 0x87, 0x5f, 0x08, 0x87, 0x71,
  0x18, 0x87, 0x72, 0x98, 0x87, 0x79, 0x98, 0x81, 0x2c, 0xee, 0xf0, 0x0e,
  0xee, 0xe0, 0x0e, 0xf5, 0xc0, 0x0e, 0xec, 0x30, 0x03, 0x62, 0xc8, 0xa1,
  0x1c, 0xe4, 0xa1, 0x1c, 0xcc, 0xa1, 0x1c, 0xe4, 0xa1, 0x1c, 0xdc, 0x61,
  0x1c, 0xca, 0x21, 0x1c, 0xc4, 0x81, 0x1d, 0xca, 0x61, 0x06, 0xd6, 0x90,
  0x43, 0x39, 0xc8, 0x43, 0x39, 0x98, 0x43, 0x39, 0xc8, 0x43, 0x39, 0xb8,
  0xc3, 0x38, 0x94, 0x43, 0x38, 0x88, 0x03, 0x3b, 0x94, 0xc3, 0x2f, 0xbc,
  0x83, 0x3c, 0xfc, 0x82, 0x3b, 0xd4, 0x03, 0x3b, 0xb0, 0xc3, 0x0c, 0xc4,
  0x21, 0x07, 0x7c, 0x70, 0x03, 0x7a, 0x28, 0x87, 0x76, 0x80, 0x87, 0x19,
  0xca, 0xc3, 0x0e, 0xec, 0x60, 0x0f, 0xed, 0xe0, 0x06, 0xec, 0xf0, 0x0e,
  0xef, 0x00, 0x0f, 0x33, 0x22, 0x88, 0x1c, 0xf0, 0xc1, 0x0d, 0xc8, 0x41,
  0x1c, 0xce, 0xc1, 0x0d, 0xec, 0x21, 0x1c, 0xe4, 0x81, 0x1d, 0xc2, 0x21,
  0x1f, 0xde, 0xa1, 0x1e, 0xe8, 0x61, 0x06, 0x13, 0x91, 0x03, 0x3e, 0xb8,
  0x81, 0x38, 0xc8, 0x43, 0x39, 0x84, 0xc3, 0x3a, 0xb8, 0x81, 0x38, 0xc8,
  0x03, 0x00, 0x00, 0x00, 0x71, 0x20, 0x00, 0x00, 0x26, 0x00, 0x00, 0x00,
  0x46, 0x00, 0x0d, 0x97, 0xef, 0x3c, 0x7e, 0x80, 0x34, 0x40, 0x84, 0xf9,
  0xc5, 0x6d, 0x1b, 0xc2, 0x36, 0x5c, 0xbe, 0xf3, 0xf8, 0x42, 0x40, 0x15,
  0x05, 0x11, 0x95, 0x0e, 0x30, 0x94, 0x84, 0x01, 0x08, 0x98, 0x5f, 0xdc,
  0xb6, 0x25, 0x48, 0xc3, 0xe5, 0x3b, 0x8f, 0x2f, 0x44, 0x04, 0x30, 0x11,
  0x21, 0xd0, 0x0c, 0x0b, 0x61, 0x07, 0xce, 0x70, 0xf9, 0xce, 0xe3, 0x0f,
  0xce, 0x64, 0xfb, 0xc5, 0x6d, 0x9b, 0x81, 0x33, 0x5c, 0xbe, 0xf3, 0xf8,
  0x83, 0x33, 0xdd, 0x7e, 0x71, 0xdb, 0x16, 0x30, 0x0d, 0x97, 0xef, 0x3c,
  0xfe, 0xe2, 0x00, 0x83, 0xd8, 0x3c, 0xd4, 0xe4, 0x17, 0xb7, 0x6d, 0x03,
  0xd5, 0x70, 0xf9, 0xce, 0xe3, 0x4b, 0x00, 0xf3, 0x2c, 0x44, 0x49, 0x54,
  0xc4, 0xe2, 0x17, 0xb7, 0x6d, 0x02, 0xd5, 0x70, 0xf9, 0xce, 0xe3, 0x4b,
  0x93, 0x13, 0x11, 0x28, 0x35, 0x3d, 0xd4, 0xe4, 0x17, 0xb7, 0x6d, 0x05,
  0xcf, 0x70, 0xf9, 0xce, 0xe3, 0x53, 0x0d, 0x10, 0x61, 0x7e, 0x71, 0xdb,
  0x06, 0x40, 0x30, 0x00, 0xd2, 0x00, 0x00, 0x00, 0x61, 0x20, 0x00, 0x00,
  0x1f, 0x11, 0x00, 0x00, 0x13, 0x04, 0x73, 0x12, 0x0b, 0x04, 0x00, 0x00,
  0x59, 0x00, 0x00, 0x00, 0xa4, 0x8d, 0x00, 0x50, 0x51, 0x02, 0x65, 0x40,
  0x44, 0xc1, 0x94, 0x46, 0x71, 0x14, 0x44, 0x51, 0x14, 0x5b, 0x61, 0x94,
  0x45, 0xc9, 0x95, 0x5b, 0xb1, 0x14, 0x42, 0x21, 0x95, 0x4d, 0x39, 0x94,
  0x5d, 0xa9, 0x94, 0x4b, 0x19, 0x95, 0x42, 0xf1, 0xcd, 0x00, 0xd0, 0x30,
  0x46, 0x60, 0xde, 0xeb, 0x2a, 0x7b, 0x63, 0x04, 0x20, 0x08, 0x82, 0xe1,
  0x37, 0x46, 0x00, 0x82, 0x20, 0xcc, 0x7e, 0x63, 0x04, 0x20, 0x08, 0x82,
  0xe7, 0x37, 0x46, 0x00, 0x82, 0x20, 0x88, 0xff, 0xc2, 0x18, 0x01, 0x08,
  0x82, 0x20, 0xff, 0x8d, 0x11, 0x80, 0x20, 0x08, 0x8a, 0x60, 0x30, 0x46,
  0x00, 0x82, 0x20, 0x88, 0x82, 0xc1, 0x18, 0xc1, 0x5a, 0xab, 0xb5, 0xfd,
  0x8d, 0x11, 0xb4, 0xe6, 0x9c, 0xc3, 0xdf, 0x18, 0x81, 0xeb, 0xba, 0xae,
  0xed, 0x8d, 0x11, 0xa0, 0x28, 0x8a, 0xa2, 0xdf, 0x18, 0x01, 0x8a, 0xa2,
  0x28, 0xf8, 0x8d, 0x11, 0xe8, 0xac, 0x39, 0xa7, 0xdf, 0x18, 0x41, 0x1f,
  0x8b, 0x6e, 0xfc, 0x8d, 0x11, 0xb8, 0x7d, 0x2c, 0xfa, 0xde, 0x18, 0x01,
  0x08, 0x82, 0xa0, 0xff, 0x8d, 0x11, 0x80, 0x20, 0x08, 0xa2, 0xdf, 0x18,
  0xc1, 0xee, 0x8f, 0x32, 0x0b, 0x06, 0x63, 0x04, 0xad, 0x39, 0xe7, 0x20,
  0x18, 0x8c, 0x11, 0xbc, 0xb1, 0x1b, 0xbb, 0xdf, 0x18, 0x01, 0xdb, 0xc6,
  0xaf, 0xbc, 0x8d, 0x11, 0xe8, 0xac, 0x39, 0x87, 0x60, 0x30, 0x46, 0xf0,
  0xee, 0x69, 0x79, 0x7f, 0x63, 0x04, 0x6e, 0x1f, 0x8b, 0xb6, 0x37, 0x46,
  0x10, 0xf3, 0x60, 0x9f, 0x7b, 0x63, 0x04, 0x25, 0x0c, 0x8a, 0xf0, 0x2f,
  0x8c, 0x11, 0x88, 0x28, 0x18, 0x82, 0x60, 0x30, 0x46, 0x70, 0xe3, 0xed,
  0xd8, 0x72, 0x63, 0x04, 0x20, 0x08, 0x82, 0x20, 0x28, 0x8c, 0x11, 0xf0,
  0xf0, 0xaa, 0xd3, 0xdd, 0x18, 0x81, 0xdb, 0xc7, 0xa2, 0xed, 0x0b, 0x63,
  0x04, 0x7d, 0x2c, 0xba, 0xf8, 0x37, 0x46, 0x50, 0xab, 0xb5, 0xda, 0x7e,
  0x63, 0x04, 0xb2, 0xe8, 0xf6, 0x34, 0x18, 0x8c, 0x11, 0x80, 0x20, 0x08,
  0xc2, 0xbf, 0x30, 0x46, 0x00, 0x82, 0x20, 0x08, 0x7f, 0x63, 0x04, 0x20,
  0x08, 0x82, 0x21, 0x38, 0x8c, 0x11, 0x80, 0x20, 0x08, 0xea, 0xdf, 0x18,
  0x01, 0x08, 0x82, 0x20, 0x09, 0x06, 0x63, 0x04, 0x20, 0x08, 0x82, 0x2c,
  0x38, 0x8c, 0x11, 0x80, 0x20, 0x08, 0x9e, 0x60, 0x30, 0x46, 0x00, 0x82,
  0x20, 0x48, 0x7f, 0x63, 0x04, 0x20, 0x08, 0x82, 0x20, 0x18, 0x8c, 0x11,
  0x80, 0x20, 0x08, 0xe2, 0xdf, 0x0c, 0xc0, 0x08, 0x00, 0x00, 0x00, 0x00,
  0x23, 0x06, 0x09, 0x00, 0x82, 0x60, 0xb0, 0xe9, 0x42, 0x1f, 0xc0, 0x02,
  0x2e, 0xe0, 0x02, 0x2a, 0x8c, 0x18, 0x24, 0x00, 0x08, 0x82, 0xc1, 0xb6,
  0x0b, 0x7e, 0x70, 0x0a, 0xb9, 0x90, 0x0b, 0xa9, 0x30, 0x62, 0x90, 0x00,
  0x20, 0x08, 0x06, 0x1b, 0x2f, 0xfc, 0x41, 0x2c, 0xe8, 0x82, 0x2e, 0xa8,
  0xc2, 0x88, 0x41, 0x02, 0x80, 0x20, 0x18, 0x18, 0xe5, 0xd0, 0x07, 0xbc,
  0xb0, 0x0b, 0xb3, 0x30, 0x07, 0x23, 0x06, 0x09, 0x00, 0x82, 0x60, 0x60,
  0x98, 0x83, 0x1f, 0xf4, 0x02, 0x2f, 0xac, 0x02, 0x1d, 0x8c, 0x18, 0x24,
  0x00, 0x08, 0x82, 0x81, 0x71, 0x0e, 0x7f, 0xd0, 0x0b, 0xbd, 0x50, 0x0b,
  0x75, 0x30, 0x62, 0x90, 0x00, 0x20, 0x08, 0x06, 0x06, 0x3a, 0x80, 0x82,
  0x2f, 0xf8, 0x42, 0x2b, 0xd8, 0xc1, 0x88, 0x41, 0x02, 0x80, 0x20, 0x18,
  0x18, 0xe9, 0x10, 0x0a, 0xbf, 0xf0, 0x0b, 0xb6, 0x70, 0x07, 0x23, 0x06,
  0x09, 0x00, 0x82, 0x60, 0x60, 0xa8, 0x83, 0x28, 0x80, 0x03, 0x38, 0xb8,
  0x02, 0x1e, 0x8c, 0x18, 0x1c, 0x00, 0x08, 0x82, 0x01, 0x46, 0x0e, 0x7f,
  0x70, 0xa8, 0xc2, 0x68, 0x42, 0x00, 0x58, 0x60, 0xc1, 0xe7, 0x02, 0x82,
  0x86, 0x1b, 0x02, 0x73, 0x00, 0x83, 0x59, 0x86, 0x40, 0x08, 0x46, 0x0c,
  0x1e, 0x00, 0x04, 0xc1, 0xa0, 0x71, 0x87, 0x3f, 0x70, 0x9a, 0x45, 0x81,
  0x20, 0x73, 0x30, 0x07, 0x3f, 0x78, 0x46, 0x13, 0x02, 0x60, 0x34, 0x41,
  0x08, 0x46, 0x13, 0x06, 0x61, 0xc4, 0xe0, 0x00, 0x40, 0x10, 0x0c, 0xb0,
  0x76, 0x40, 0x05, 0x68, 0x1d, 0x46, 0x13, 0x82, 0xc1, 0xcc, 0x20, 0x88,
  0xcf, 0x88, 0xc1, 0x01, 0x80, 0x20, 0x18, 0x60, 0xf0, 0xb0, 0x0a, 0x53,
  0x3b, 0x8c, 0x26, 0x04, 0xc1, 0x88, 0xc1, 0x01, 0x80, 0x20, 0x18, 0x3c,
  0xf6, 0xa0, 0x0a, 0x81, 0x66, 0x44, 0x40, 0x1f, 0x0b, 0x2a, 0xf8, 0x8c,
  0x18, 0x3c, 0x00, 0x08, 0x82, 0x41, 0xa3, 0x0f, 0xab, 0xa0, 0x65, 0x57,
  0xc0, 0x71, 0xf2, 0x20, 0x0f, 0xaa, 0xb0, 0x8d, 0x26, 0x04, 0xc0, 0x68,
  0x82, 0x10, 0x8c, 0x26, 0x0c, 0x82, 0x0d, 0x4f, 0x7c, 0x6c, 0x78, 0xe2,
  0x63, 0xc3, 0x13, 0x9f, 0x11, 0x83, 0x05, 0x00, 0x41, 0x30, 0x98, 0xfc,
  0xa1, 0x17, 0x06, 0x21, 0x18, 0x05, 0x51, 0x08, 0x05, 0x23, 0x82, 0xf8,
  0x18, 0x21, 0xc4, 0xc7, 0x88, 0x21, 0x3e, 0x36, 0xc0, 0x81, 0x7c, 0x6c,
  0x88, 0x03, 0xf9, 0xd8, 0x20, 0x07, 0xf2, 0xb1, 0x21, 0x83, 0x8f, 0x0d,
  0x19, 0x7c, 0x6c, 0xc8, 0xe0, 0x33, 0x62, 0x70, 0x00, 0x20, 0x08, 0x06,
  0x98, 0x49, 0x84, 0x43, 0x1a, 0xfc, 0xc3, 0x68, 0x42, 0x30, 0x0c, 0x47,
  0x04, 0x78, 0x20, 0x7c, 0x66, 0x88, 0x82, 0x7c, 0xcc, 0x18, 0x05, 0xf9,
  0x98, 0x41, 0x0a, 0xf2, 0xb1, 0xc1, 0x14, 0xe0, 0x63, 0xc3, 0x29, 0xc0,
  0xc7, 0x06, 0x54, 0x80, 0xcf, 0x74, 0xc3, 0xc0, 0x1c, 0xd3, 0x0d, 0x03,
  0x83, 0x4c, 0x37, 0x0c, 0x4c, 0x32, 0x62, 0x90, 0x00, 0x20, 0x08, 0x06,
  0x08, 0x4e, 0xa4, 0xc3, 0x4b, 0xbc, 0xc4, 0x49, 0x0c, 0x23, 0x06, 0x09,
  0x00, 0x82, 0x60, 0x80, 0xe0, 0x44, 0x3a, 0xbc, 0xc4, 0x4b, 0xf8, 0x83,
  0x30, 0x62, 0x90, 0x00, 0x20, 0x08, 0x06, 0x08, 0x4e, 0xa4, 0xc3, 0x4b,
  0xbc, 0x84, 0x49, 0x04, 0x23, 0x06, 0x09, 0x00, 0x82, 0x60, 0x80, 0xe0,
  0x44, 0x3a, 0xbc, 0xc4, 0x4b, 0xf4, 0x83, 0x1e, 0xcc, 0x12, 0xc8, 0xc9,
  0x70, 0xc3, 0x1a, 0xb0, 0x04, 0x18, 0xcc, 0x32, 0x0c, 0x44, 0x30, 0x62,
  0xf0, 0x00, 0x20, 0x08, 0x06, 0x0d, 0x4e, 0xa4, 0x03, 0x1e, 0xdc, 0x41,
  0x1d, 0xd0, 0x81, 0x1e, 0xe8, 0x01, 0x4c, 0xc0, 0x04, 0x3a, 0xe4, 0xc1,
  0x68, 0x42, 0x00, 0x8c, 0x26, 0x08, 0xc1, 0x68, 0xc2, 0x20, 0xd8, 0x20,
  0x0b, 0xf2, 0xb1, 0x61, 0x16, 0xe4, 0x63, 0x03, 0x2d, 0xc8, 0xc7, 0x0c,
  0x5b, 0x80, 0x8f, 0x19, 0xb7, 0x00, 0x1f, 0x33, 0x70, 0x01, 0x3e, 0x36,
  0xe8, 0x82, 0x7c, 0x6c, 0xd8, 0x05, 0xf9, 0xd8, 0xc0, 0x0b, 0xf2, 0x19,
  0x31, 0x30, 0x00, 0x10, 0x04, 0x83, 0x68, 0x2c, 0xf2, 0x61, 0x18, 0x31,
  0x30, 0x00, 0x10, 0x04, 0x83, 0x88, 0x2c, 0xf4, 0x61, 0x18, 0x31, 0x30,
  0x00, 0x10, 0x04, 0x83, 0xa8, 0x2c, 0xf6, 0x61, 0xb0, 0x21, 0x1c, 0xe4,
  0x63, 0x83, 0x38, 0xc8, 0xc7, 0x86, 0x71, 0x90, 0xcf, 0x88, 0x81, 0x01,
  0x80, 0x20, 0x18, 0x44, 0x69, 0x01, 0x12, 0xc3, 0x88, 0x81, 0x01, 0x80,
  0x20, 0x18, 0x44, 0x6a, 0x11, 0x12, 0xc3, 0x88, 0x81, 0x01, 0x80, 0x20,
  0x18, 0x44, 0x6b, 0x21, 0x12, 0xc3, 0x70, 0x44, 0xd5, 0x0f, 0xc5, 0x37,
  0x1c, 0x51, 0xf9, 0x43, 0xf1, 0x0d, 0x47, 0x54, 0xff, 0x50, 0x7c, 0x37,
  0x0c, 0x75, 0xc3, 0x50, 0x37, 0x0c, 0x65, 0x58, 0x12, 0x1f, 0xc3, 0x92,
  0xf8, 0x18, 0x96, 0xc4, 0xc7, 0x06, 0x43, 0x3e, 0x36, 0x18, 0xf2, 0xb1,
  0xc1, 0x90, 0x8f, 0x0d, 0x0f, 0x7c, 0x6c, 0x78, 0xe0, 0x63, 0xc3, 0x03,
  0x9f, 0x11, 0x83, 0x04, 0x00, 0x41, 0x30, 0x40, 0xfc, 0xe2, 0x25, 0xea,
  0xa2, 0x2e, 0xda, 0x62, 0x18, 0x31, 0x48, 0x00, 0x10, 0x04, 0x03, 0xc4,
  0x2f, 0x5e, 0xa2, 0x2e, 0xea, 0x82, 0x2c, 0x84, 0x11, 0x83, 0x04, 0x00,
  0x41, 0x30, 0x40, 0xfc, 0xe2, 0x25, 0xea, 0xa2, 0x2e, 0xd8, 0x22, 0x18,
  0x31, 0x48, 0x00, 0x10, 0x04, 0x03, 0xc4, 0x2f, 0x5e, 0xa2, 0x2e, 0xea,
  0x62, 0x2c, 0x7c, 0x61, 0x96, 0x40, 0x4e, 0x86, 0x1b, 0x62, 0x21, 0x2e,
  0xc0, 0x60, 0x96, 0xa1, 0x30, 0x82, 0xd1, 0x84, 0x5a, 0x08, 0x46, 0x13,
  0x6c, 0x41, 0x30, 0xe1, 0x1f, 0xe4, 0x63, 0x02, 0x48, 0xc8, 0xc7, 0x7e,
  0x41, 0x88, 0x8f, 0xfd, 0x82, 0x10, 0x9f, 0x11, 0x83, 0x07, 0x00, 0x41,
  0x30, 0x68, 0x48, 0xa3, 0x26, 0xc8, 0x61, 0x1c, 0x84, 0xc0, 0x1c, 0xcc,
  0x81, 0x2f, 0xf8, 0x82, 0x26, 0xca, 0x61, 0x34, 0x21, 0x00, 0x46, 0x13,
  0x84, 0x60, 0x34, 0x61, 0x10, 0x0c, 0x29, 0x07, 0xf8, 0x8c, 0x18, 0x3c,
  0x00, 0x08, 0x82, 0x41, 0x93, 0x1a, 0x3a, 0x91, 0x0e, 0xe8, 0x10, 0x18,
  0xeb, 0xb0, 0x0e, 0xa1, 0x11, 0x1a, 0x39, 0xa1, 0x0e, 0xa3, 0x09, 0x01,
  0x30, 0x9a, 0x20, 0x04, 0xa3, 0x09, 0x83, 0x60, 0x03, 0x02, 0x1f, 0x1b,
  0x10, 0xf8, 0xd8, 0x80, 0xc0, 0xc7, 0x1e, 0x76, 0x80, 0xcf, 0x88, 0xc1,
  0x03, 0x80, 0x20, 0x18, 0x34, 0xb1, 0x21, 0x16, 0xf1, 0x00, 0x0f, 0x4f,
  0x30, 0x0f, 0xf3, 0x90, 0x1a, 0xa9, 0x11, 0x16, 0xf2, 0x30, 0x9a, 0x10,
  0x00, 0xa3, 0x09, 0x42, 0x30, 0x9a, 0x30, 0x08, 0x86, 0x0c, 0xf0, 0x31,
  0x64, 0x80, 0x8f, 0x21, 0x03, 0x7c, 0x46, 0x0c, 0x1e, 0x00, 0x04, 0xc1,
  0xa0, 0xc1, 0x8d, 0xb4, 0xc0, 0x87, 0x7b, 0x80, 0x10, 0x7d, 0xd0, 0x07,
  0xd8, 0x80, 0x0d, 0xb4, 0xc8, 0x87, 0xd1, 0x84, 0x00, 0x18, 0x4d, 0x10,
  0x82, 0xd1, 0x84, 0x41, 0xb0, 0x63, 0x80, 0x8f, 0x05, 0x62, 0x21, 0x1f,
  0x43, 0x08, 0xf8, 0x58, 0x40, 0x16, 0xf2, 0xb1, 0xa4, 0x80, 0x8f, 0x05,
  0x66, 0x21, 0x9f, 0x11, 0x83, 0x07, 0x00, 0x41, 0x30, 0x68, 0xc4, 0x63,
  0x2e, 0x44, 0x22, 0x24, 0xfe, 0xe1, 0x23, 0x09, 0x92, 0xd0, 0x0d, 0xdd,
  0x90, 0x8b, 0x91, 0x18, 0x4d, 0x08, 0x80, 0xd1, 0x04, 0x21, 0x18, 0x4d,
  0x18, 0x84, 0x11, 0x83, 0x07, 0x00, 0x41, 0x30, 0x68, 0xcc, 0xe3, 0x2e,
  0x4c, 0xa2, 0x24, 0xc8, 0x40, 0x24, 0x50, 0x02, 0x25, 0x7c, 0xc3, 0x37,
  0xec, 0xe2, 0x24, 0x46, 0x13, 0x02, 0x60, 0x34, 0x41, 0x08, 0x46, 0x13,
  0x06, 0x61, 0xc4, 0xe0, 0x01, 0x40, 0x10, 0x0c, 0x1a, 0xf5, 0xd8, 0x0b,
  0x95, 0x48, 0x89, 0x93, 0xd0, 0x58, 0x82, 0x25, 0xc4, 0x43, 0x3c, 0xf4,
  0x62, 0x25, 0x46, 0x13, 0x02, 0x60, 0x34, 0x41, 0x08, 0x46, 0x13, 0x06,
  0x61, 0xc4, 0xe0, 0x01, 0x40, 0x10, 0x0c, 0x1a, 0xf7, 0xf8, 0x0b, 0x97,
  0x68, 0x09, 0x33, 0x50, 0x09, 0x98, 0x80, 0x09, 0xf3, 0x30, 0x0f, 0xbf,
  0x78, 0x89, 0xd1, 0x84, 0x00, 0x18, 0x4d, 0x10, 0x82, 0xd1, 0x84, 0x41,
  0x18, 0x31, 0x78, 0x00, 0x10, 0x04, 0x83, 0x46, 0x3e, 0x46, 0x43, 0x26,
  0x62, 0xe2, 0x25, 0x5c, 0x82, 0x26, 0x68, 0x42, 0x3d, 0xd4, 0x43, 0x34,
  0x66, 0x62, 0x34, 0x21, 0x00, 0x46, 0x13, 0x84, 0x60, 0x34, 0x61, 0x10,
  0x6c, 0xd0, 0x0b, 0xf9, 0xd8, 0xb0, 0x17, 0xf2, 0xb1, 0x81, 0x2f, 0xe4,
  0x63, 0x92, 0x05, 0x1f, 0x0b, 0x1e, 0xf8, 0x58, 0xc0, 0xc0, 0xc7, 0x82,
  0xbf, 0x90, 0x8f, 0x1d, 0x60, 0x00, 0x1f, 0x0b, 0x04, 0xf8, 0xd8, 0xb5,
  0xc1, 0xc7, 0x02, 0x0a, 0x3e, 0x16, 0x44, 0xf0, 0xb1, 0xa0, 0x34, 0xe4,
  0x63, 0x0c, 0x19, 0xc0, 0xc7, 0x02, 0x01, 0x3e, 0xc6, 0x81, 0x01, 0x7c,
  0x2c, 0xc8, 0xe0, 0x63, 0x81, 0x05, 0x1f, 0x0b, 0x56, 0x43, 0x3e, 0x16,
  0xa1, 0x01, 0x7c, 0x2c, 0x10, 0xe0, 0x33, 0x62, 0x90, 0x00, 0x20, 0x08,
  0x06, 0x08, 0x8b, 0xf4, 0xc6, 0x88, 0x8c, 0xc8, 0x7e, 0x34, 0x23, 0x06,
  0x09, 0x00, 0x82, 0x60, 0x80, 0xb0, 0x48, 0x6f, 0x8c, 0xc8, 0x88, 0xc8,
  0xc7, 0x31, 0x62, 0x90, 0x00, 0x20, 0x08, 0x06, 0x08, 0x8b, 0xf4, 0xc6,
  0x88, 0x8c, 0x88, 0x7e, 0x04, 0x23, 0x06, 0x09, 0x00, 0x82, 0x60, 0x80,
  0xb0, 0x48, 0x6f, 0x8c, 0xc8, 0x88, 0xc4, 0x07, 0x5b, 0xcc, 0x12, 0xc8,
  0xc9, 0x70, 0xc3, 0x4f, 0x94, 0x07, 0x18, 0xcc, 0x32, 0x1c, 0x48, 0x30,
  0x62, 0x70, 0x00, 0x20, 0x08, 0x06, 0xd8, 0x89, 0x88, 0x87, 0x5a, 0xa8,
  0xc7, 0x68, 0x42, 0x10, 0x8c, 0x26, 0x08, 0x82, 0x09, 0x6c, 0x21, 0x1f,
  0x13, 0xd8, 0x42, 0x3e, 0x23, 0x06, 0x06, 0x00, 0x82, 0x60, 0x10, 0xbd,
  0x08, 0x7b, 0x08, 0x23, 0x06, 0x06, 0x00, 0x82, 0x60, 0x10, 0xc1, 0x48,
  0x7b, 0x08, 0xc3, 0x11, 0x82, 0x5f, 0x0c, 0xdf, 0x70, 0x84, 0xf0, 0x17,
  0xc3, 0x77, 0xc2, 0x50, 0x27, 0x0c, 0x65, 0xc2, 0x5e, 0xc8, 0xc7, 0x04,
  0xbe, 0x90, 0x8f, 0xf1, 0x85, 0x10, 0x1f, 0xeb, 0x0b, 0x21, 0x3e, 0xa3,
  0x09, 0x72, 0x11, 0x8c, 0x26, 0xcc, 0x85, 0x60, 0x84, 0x20, 0x1f, 0x23,
  0x04, 0xf9, 0x98, 0x60, 0x1e, 0xf2, 0x31, 0xe1, 0x3c, 0xe4, 0x63, 0x7e,
  0x21, 0xc4, 0xc7, 0xfc, 0x42, 0x88, 0x8f, 0x19, 0xe9, 0x21, 0x1f, 0x33,
  0xd4, 0x43, 0x3e, 0x26, 0x88, 0x06, 0x7c, 0x4c, 0x10, 0x0d, 0xf8, 0x8c,
  0x18, 0x3c, 0x00, 0x08, 0x82, 0x41, 0x73, 0x26, 0xf8, 0x71, 0x1a, 0xa6,
  0x61, 0x14, 0xa9, 0x91, 0x1a, 0x3f, 0xf2, 0x23, 0xf7, 0x81, 0x1a, 0xa3,
  0x09, 0x01, 0x30, 0x9a, 0x20, 0x04, 0xa3, 0x09, 0x83, 0x60, 0x43, 0x7e,
  0xc8, 0xc7, 0x06, 0xfd, 0x90, 0x8f, 0x0d, 0xfb, 0x21, 0x9f, 0x11, 0x83,
  0x07, 0x00, 0x41, 0x30, 0x68, 0xdc, 0xe4, 0x3f, 0x5c, 0xa3, 0x35, 0x12,
  0x06, 0x36, 0x60, 0xc3, 0x4c, 0xcc, 0xc4, 0x3f, 0x5e, 0x63, 0x34, 0x21,
  0x00, 0x46, 0x13, 0x84, 0x60, 0x34, 0x61, 0x10, 0x46, 0x0c, 0x1e, 0x00,
  0x04, 0xc1, 0xa0, 0x91, 0x93, 0x11, 0x91, 0x8d, 0xd8, 0x88, 0x18, 0xda,
  0xa0, 0x0d, 0x35, 0x51, 0x13, 0x11, 0x99, 0x8d, 0xd1, 0x84, 0x00, 0x18,
  0x4d, 0x10, 0x82, 0xd1, 0x84, 0x41, 0x18, 0x31, 0x78, 0x00, 0x10, 0x04,
  0x83, 0xc6, 0x4e, 0x4e, 0xc4, 0x36, 0x6a, 0x23, 0x82, 0x70, 0x03, 0x37,
  0xdc, 0xc4, 0x4d, 0x4c, 0xe4, 0x36, 0x46, 0x13, 0x02, 0x60, 0x34, 0x41,
  0x08, 0x46, 0x13, 0x06, 0xc1, 0x86, 0x13, 0x91, 0x8f, 0x0d, 0x28, 0x22,
  0x1f, 0x1b, 0x52, 0x44, 0x3e, 0xa6, 0x38, 0xf0, 0xb1, 0x40, 0x45, 0xe4,
  0x63, 0x05, 0x05, 0x1f, 0x0b, 0x04, 0xf8, 0x58, 0x13, 0xc1, 0xc7, 0x02,
  0x17, 0x91, 0x8f, 0x21, 0x17, 0x7c, 0x2c, 0x10, 0xe0, 0x63, 0x10, 0x05,
  0x1f, 0x0b, 0x64, 0x44, 0x3e, 0xb6, 0x68, 0xf0, 0xb1, 0x40, 0x80, 0xcf,
  0x68, 0x02, 0x78, 0x0c, 0xa6, 0x04, 0xf2, 0xb1, 0x43, 0x90, 0x8f, 0x11,
  0x83, 0x7c, 0x46, 0x13, 0x42, 0x01, 0x18, 0x31, 0x48, 0x00, 0x10, 0x04,
  0x03, 0xe4, 0x55, 0xc0, 0xc4, 0x54, 0x4c, 0xc5, 0x4f, 0x88, 0x11, 0x83,
  0x04, 0x00, 0x41, 0x30, 0x40, 0x5e, 0x05, 0x4c, 0x4c, 0xc5, 0x54, 0xea,
  0x64, 0x18, 0x31, 0x48, 0x00, 0x10, 0x04, 0x03, 0xe4, 0x55, 0xc0, 0xc4,
  0x54, 0x4c, 0xa5, 0x4f, 0x84, 0x11, 0x83, 0x04, 0x00, 0x41, 0x30, 0x40,
  0x5e, 0x05, 0x4c, 0x4c, 0xc5, 0x54, 0xe8, 0x24, 0x98, 0x25, 0x90, 0x93,
  0xe1, 0x06, 0xf1, 0x00, 0x13, 0x30, 0x98, 0x65, 0x48, 0x94, 0x60, 0xc4,
  0xe0, 0x00, 0x40, 0x10, 0x0c, 0x30, 0x55, 0x29, 0x93, 0xf6, 0x68, 0x93,
  0xd1, 0x84, 0x60, 0x18, 0x31, 0x38, 0x00, 0x10, 0x04, 0x03, 0x8c, 0x55,
  0xce, 0xe4, 0x3d, 0x4e, 0x65, 0x34, 0x21, 0x18, 0x0c, 0x3e, 0x86, 0xf8,
  0x18, 0x7c, 0x08, 0xf1, 0x19, 0x31, 0x78, 0x00, 0x10, 0x04, 0x83, 0xa6,
  0x56, 0xcc, 0xa4, 0x3e, 0xe8, 0x43, 0x08, 0xee, 0xe3, 0x3e, 0x5a, 0xa5,
  0x55, 0xca, 0xc4, 0x3e, 0x46, 0x13, 0x02, 0x60, 0x34, 0x41, 0x08, 0x46,
  0x13, 0x06, 0xc1, 0x12, 0xfb, 0x80, 0xcf, 0x88, 0xc1, 0x03, 0x80, 0x20,
  0x18, 0x34, 0xba, 0xb2, 0x26, 0xfa, 0x91, 0x1f, 0x81, 0xc1, 0x1f, 0xfc,
  0x21, 0x2b, 0xb2, 0xa2, 0x26, 0xfb, 0x31, 0x9a, 0x10, 0x00, 0xa3, 0x09,
  0x42, 0x30, 0x9a, 0x30, 0x08, 0x36, 0x20, 0xf0, 0xb1, 0x01, 0x81, 0x8f,
  0x0d, 0x08, 0x7c, 0xec, 0xe9, 0x0f, 0xf8, 0x8c, 0x18, 0x3c, 0x00, 0x08,
  0x82, 0x41, 0x23, 0x2e, 0x73, 0x22, 0x22, 0x21, 0xf2, 0x04, 0x24, 0x42,
  0x22, 0xba, 0xa2, 0x2b, 0x72, 0x32, 0x22, 0xa3, 0x09, 0x01, 0x30, 0x9a,
  0x20, 0x04, 0xa3, 0x09, 0x83, 0x60, 0xc8, 0x00, 0x1f, 0x43, 0x06, 0xf8,
  0x18, 0x32, 0xc0, 0x67, 0xc4, 0xe0, 0x01, 0x40, 0x10, 0x0c, 0x9a, 0x74,
  0xd1, 0x93, 0x14, 0x41, 0x11, 0x08, 0x59, 0x91, 0x15, 0x09, 0x97, 0x70,
  0xc9, 0x13, 0x15, 0x19, 0x4d, 0x08, 0x80, 0xd1, 0x04, 0x21, 0x18, 0x4d,
  0x18, 0x04, 0x3b, 0x06, 0xf8, 0xd8, 0x31, 0xc0, 0xc7, 0x8e, 0x01, 0x3e,
  0x23, 0x06, 0x0f, 0x00, 0x82, 0x60, 0xd0, 0xc0, 0x4b, 0xa8, 0xc0, 0xc8,
  0x8b, 0x74, 0x2c, 0x22, 0x23, 0x32, 0x82, 0x2e, 0xe8, 0x02, 0x2a, 0x31,
  0x32, 0x9a, 0x10, 0x00, 0xa3, 0x09, 0x42, 0x30, 0x9a, 0x30, 0x08, 0x23,
  0x06, 0x0f, 0x00, 0x82, 0x60, 0xd0, 0xd0, 0x4b, 0xa9, 0xd0, 0xc8, 0x8c,
  0x6c, 0x30, 0x62, 0x23, 0x36, 0xc2, 0x2e, 0xec, 0x42, 0x2a, 0x35, 0x32,
  0x9a, 0x10, 0x00, 0xa3, 0x09, 0x42, 0x30, 0x9a, 0x30, 0x08, 0x36, 0x1c,
  0xf0, 0xb1, 0xe1, 0x80, 0x8f, 0x0d, 0x07, 0x7c, 0x46, 0x0c, 0x1e, 0x00,
  0x04, 0xc1, 0xa0, 0xd9, 0x17, 0x56, 0xd9, 0x11, 0x1d, 0xc1, 0x91, 0x33,
  0xe8, 0x91, 0x1e, 0x99, 0x97, 0x79, 0x59, 0x15, 0x1e, 0x19, 0x4d, 0x08,
  0x80, 0xd1, 0x04, 0x21, 0x18, 0x4d, 0x18, 0x04, 0x3b, 0x06, 0xf8, 0xd8,
  0x31, 0xc0, 0xc7, 0x8e, 0x01, 0x3e, 0x23, 0x06, 0x0f, 0x00, 0x82, 0x60,
  0xd0, 0x88, 0xcc, 0xac, 0x88, 0x49, 0x98, 0xfc, 0x48, 0x18, 0x90, 0x09,
  0x99, 0xe8, 0x8b, 0xbe, 0xc8, 0xca, 0x98, 0x8c, 0x26, 0x04, 0xc0, 0x68,
  0x82, 0x10, 0x8c, 0x26, 0x0c, 0x82, 0x1d, 0x03, 0x7c, 0xec, 0x18, 0xe0,
  0x63, 0xc7, 0x00, 0x9f, 0x11, 0x83, 0x07, 0x00, 0x41, 0x30, 0x68, 0x52,
  0x46, 0x57, 0xd2, 0x04, 0x4d, 0xcc, 0xa4, 0x4c, 0xd6, 0x64, 0x4d, 0x42,
  0x26, 0x64, 0x72, 0x45, 0x4d, 0x46, 0x13, 0x02, 0x60, 0x34, 0x41, 0x08,
  0x46, 0x13, 0x06, 0x61, 0xc4, 0xe0, 0x00, 0x40, 0x10, 0x0c, 0x30, 0x94,
  0x19, 0x97, 0x35, 0x81, 0x97, 0xd1, 0x84, 0x00, 0xb0, 0x40, 0x0c, 0xe4,
  0x63, 0x82, 0x18, 0xc8, 0xc7, 0x06, 0x31, 0x90, 0xcf, 0x68, 0x42, 0x11,
  0x58, 0xd0, 0xc8, 0xc7, 0x84, 0x46, 0x3e, 0x36, 0x34, 0xf2, 0xb1, 0xe1,
  0x80, 0x8f, 0x0d, 0x07, 0x7c, 0x6c, 0x38, 0xe0, 0x33, 0x9a, 0xc0, 0x08,
  0x16, 0x40, 0xf2, 0x31, 0x01, 0x92, 0x8f, 0x0d, 0x90, 0x7c, 0xec, 0x18,
  0xe0, 0x63, 0xc7, 0x00, 0x1f, 0x3b, 0x06, 0xf8, 0x8c, 0x18, 0x24, 0x00,
  0x08, 0x82, 0x01, 0x12, 0x36, 0xf2, 0x82, 0x33, 0x38, 0x03, 0x33, 0xc3,
  0x88, 0x41, 0x02, 0x80, 0x20, 0x18, 0x20, 0x61, 0x23, 0x2f, 0x38, 0x83,
  0x33, 0x27, 0x23, 0x8c, 0x18, 0x24, 0x00, 0x08, 0x82, 0x01, 0x12, 0x36,
  0xf2, 0x82, 0x33, 0x38, 0xf3, 0x32, 0xc1, 0x88, 0x41, 0x02, 0x80, 0x20,
  0x18, 0x20, 0x61, 0x23, 0x2f, 0x38, 0x83, 0x33, 0x26, 0x33, 0x2a, 0xb3,
  0x04, 0x72, 0x32, 0xdc, 0x40, 0x27, 0x36, 0x03, 0x06, 0xb3, 0x0c, 0x0b,
  0x13, 0x8c, 0x18, 0x1c, 0x00, 0x08, 0x82, 0x01, 0xc6, 0x33, 0xf7, 0xf2,
  0x27, 0xff, 0x32, 0x9a, 0x10, 0x04, 0xa3, 0x09, 0x82, 0x60, 0x42, 0xa8,
  0xc8, 0xc7, 0x84, 0x50, 0x91, 0xcf, 0x88, 0x81, 0x01, 0x80, 0x20, 0x18,
  0x44, 0x64, 0x13, 0x32, 0xc2, 0x88, 0x81, 0x01, 0x80, 0x20, 0x18, 0x44,
  0x65, 0x23, 0x32, 0xc2, 0x70, 0x84, 0x30, 0x2b, 0xc3, 0x37, 0x1c, 0x21,
  0xd0, 0xca, 0xf0, 0x9d, 0x30, 0xd4, 0x09, 0x43, 0x99, 0x00, 0x2b, 0xf2,
  0x31, 0x21, 0x56, 0xe4, 0x63, 0xb1, 0x22, 0xc4, 0xc7, 0x64, 0x45, 0x88,
  0xcf, 0x68, 0xc2, 0xa9, 0x04, 0xa3, 0x09, 0xa8, 0x22, 0x18, 0x21, 0xc8,
  0xc7, 0x08, 0x41, 0x3e, 0x26, 0xec, 0x8b, 0x7c, 0x4c, 0xe0, 0x17, 0xf9,
  0xd8, 0xac, 0x08, 0xf1, 0xb1, 0x59, 0x11, 0xe2, 0x63, 0x86, 0xbf, 0xc8,
  0xc7, 0x8c, 0x7f, 0x91, 0x8f, 0x09, 0xb7, 0x02, 0x1f, 0x13, 0x6e, 0x05,
  0x3e, 0x23, 0x06, 0x0f, 0x00, 0x82, 0x60, 0xd0, 0xf0, 0x4d, 0xcb, 0xf0,
  0xca, 0xae, 0x18, 0x85, 0xaf, 0xf8, 0x0a, 0xdd, 0xd0, 0x0d, 0xcb, 0xf4,
  0xca, 0x68, 0x42, 0x00, 0x8c, 0x26, 0x08, 0xc1, 0x68, 0xc2, 0x20, 0xd8,
  0xe0, 0x32, 0xf2, 0xb1, 0xe1, 0x65, 0xe4, 0x63, 0x03, 0xcc, 0xc8, 0x67,
  0xc4, 0xe0, 0x01, 0x40, 0x10, 0x0c, 0x9a, 0xd1, 0xa1, 0x99, 0x71, 0x11,
  0x97, 0x84, 0x29, 0x97, 0x72, 0xd9, 0x9b, 0xbd, 0x99, 0x19, 0x72, 0x19,
  0x4d, 0x08, 0x80, 0xd1, 0x04, 0x21, 0x18, 0x4d, 0x18, 0x84, 0x11, 0x83,
  0x07, 0x00, 0x41, 0x30, 0x68, 0x4e, 0x07, 0x67, 0xce, 0xc5, 0x5c, 0x22,
  0x26, 0x5d, 0xd2, 0xe5, 0x6f, 0xfe, 0xe6, 0x66, 0xd0, 0x65, 0x34, 0x21,
  0x00, 0x46, 0x13, 0x84, 0x60, 0x34, 0x61, 0x10, 0x46, 0x0c, 0x1e, 0x00,
  0x04, 0xc1, 0xa0, 0x59, 0x1d, 0x9e, 0x59, 0x17, 0x75, 0x89, 0xa0, 0x76,
  0x69, 0x97, 0xd1, 0x19, 0x9d, 0x9d, 0x61, 0x97, 0xd1, 0x84, 0x00, 0x18,
  0x4d, 0x10, 0x82, 0xd1, 0x84, 0x41, 0xb0, 0x81, 0x67, 0xe4, 0x63, 0x43,
  0xcf, 0xc8, 0xc7, 0x06, 0x9f, 0x91, 0x8f, 0x29, 0x0e, 0x7c, 0x2c, 0xf8,
  0x19, 0xf9, 0x58, 0x41, 0xc1, 0xc7, 0x02, 0x01, 0x3e, 0xd6, 0x44, 0xf0,
  0xb1, 0x60, 0x6c, 0xe4, 0x63, 0xc8, 0x05, 0x1f, 0x0b, 0x04, 0xf8, 0x18,
  0x44, 0xc1, 0xc7, 0x82, 0xb3, 0x91, 0x8f, 0x2d, 0x1a, 0x7c, 0x2c, 0x10,
  0xe0, 0x33, 0x9a, 0x50, 0x2f, 0x83, 0x29, 0x81, 0x7c, 0xec, 0x10, 0xe4,
  0x63, 0xc4, 0x20, 0x9f, 0x11, 0x83, 0x04, 0x00, 0x41, 0x30, 0x40, 0xc6,
  0x87, 0x6e, 0x74, 0x47, 0x77, 0x64, 0x67, 0x18, 0x31, 0x48, 0x00, 0x10,
  0x04, 0x03, 0x64, 0x7c, 0xe8, 0x46, 0x77, 0x74, 0x27, 0x75, 0x84, 0x11,
  0x83, 0x04, 0x00, 0x41, 0x30, 0x40, 0xc6, 0x87, 0x6e, 0x74, 0x47, 0x77,
  0x62, 0x27, 0x18, 0x31, 0x48, 0x00, 0x10, 0x04, 0x03, 0x64, 0x7c, 0xe8,
  0x46, 0x77, 0x74, 0x07, 0x75, 0x4a, 0x66, 0x96, 0x40, 0x4e, 0x86, 0x1b,
  0xec, 0x25, 0x6f, 0xc0, 0x60, 0x96, 0xa1, 0x71, 0x82, 0x11, 0x83, 0x03,
  0x00, 0x41, 0x30, 0xc0, 0x7c, 0x27, 0x6f, 0x42, 0xe6, 0x74, 0x46, 0x13,
  0x02, 0x61, 0xc4, 0xe0, 0x01, 0x40, 0x10, 0x0c, 0x9a, 0xf2, 0xb1, 0x9b,
  0x92, 0x21, 0x19, 0x91, 0x09, 0x99, 0x93, 0x39, 0x99, 0xde, 0xe9, 0x9d,
  0xba, 0x31, 0x99, 0xd1, 0x84, 0x00, 0x18, 0x4d, 0x10, 0x82, 0xd1, 0x84,
  0x41, 0x18, 0x31, 0x38, 0x00, 0x10, 0x04, 0x83, 0x07, 0x7d, 0x44, 0x67,
  0x28, 0x46, 0x0c, 0x0e, 0x00, 0x04, 0xc1, 0xe0, 0x49, 0x9f, 0xd1, 0x19,
  0x8c, 0x11, 0x83, 0x03, 0x00, 0x41, 0x30, 0x78, 0xd4, 0x87, 0x74, 0x86,
  0x63, 0x34, 0x21, 0x01, 0x8c, 0x08, 0xe4, 0x63, 0x84, 0x20, 0x1f, 0x23,
  0x06, 0xf9, 0x8c, 0x18, 0x1c, 0x00, 0x08, 0x82, 0x01, 0xb6, 0x3e, 0xa6,
  0xe3, 0x32, 0xaf, 0x33, 0x9a, 0x10, 0x00, 0x16, 0x24, 0xf2, 0x31, 0x21,
  0x91, 0x8f, 0x0d, 0x89, 0x7c, 0x46, 0x13, 0x8a, 0xc0, 0x88, 0x00, 0x3e,
  0x46, 0x08, 0xf0, 0x31, 0x62, 0x80, 0x8f, 0x0d, 0x90, 0x7c, 0x6c, 0x80,
  0xe4, 0x63, 0x03, 0x24, 0x9f, 0xd1, 0x04, 0x46, 0x30, 0x22, 0x80, 0x8f,
  0x11, 0x02, 0x7c, 0x8c, 0x18, 0xe0, 0x63, 0xc3, 0x25, 0x1f, 0x1b, 0x2e,
  0xf9, 0xd8, 0x70, 0xc9, 0x67, 0x34, 0x61, 0x1a, 0x46, 0x13, 0xc2, 0x20,
  0x18, 0x8e, 0xe0, 0x02, 0xe1, 0x1b, 0x8e, 0xe0, 0x04, 0xe1, 0x1b, 0x8e,
  0xe0, 0x06, 0xe1, 0xbb, 0x61, 0xa8, 0x1b, 0x86, 0xba, 0x61, 0x28, 0x43,
  0xbc, 0xf8, 0x58, 0xc0, 0xc0, 0xc7, 0x94, 0x2f, 0x3e, 0x16, 0x34, 0xf0,
  0x31, 0x06, 0x0c, 0xe2, 0x63, 0x81, 0x03, 0x1f, 0x2b, 0x12, 0xf9, 0x18,
  0x91, 0xc8, 0xc7, 0x86, 0x44, 0x3e, 0x36, 0x9c, 0x01, 0x7c, 0x6c, 0x38,
  0x03, 0xf8, 0xd8, 0x70, 0x06, 0xf0, 0x19, 0x31, 0x38, 0x00, 0x10, 0x04,
  0x83, 0xc7, 0x86, 0xd4, 0x67, 0xc0, 0x9b, 0x11, 0x83, 0x03, 0x00, 0x41,
  0x30, 0x78, 0x6e, 0x68, 0x7d, 0x86, 0xbc, 0x19, 0x31, 0x38, 0x00, 0x10,
  0x04, 0x83, 0x07, 0x87, 0xd8, 0x67, 0xd0, 0x1b, 0x1b, 0x4e, 0x47, 0x3e,
  0x36, 0xa0, 0x8e, 0x7c, 0x6c, 0x48, 0x1d, 0xf9, 0x8c, 0x18, 0x1c, 0x00,
  0x08, 0x82, 0xc1, 0xc3, 0x43, 0xf0, 0x63, 0xf8, 0xcd, 0x88, 0xc1, 0x01,
  0x80, 0x20, 0x18, 0x3c, 0x3d, 0x14, 0x3f, 0xc6, 0xdf, 0x8c, 0x18, 0x1c,
  0x00, 0x08, 0x82, 0xc1, 0xe3, 0x43, 0xf2, 0x63, 0x80, 0xce, 0x88, 0x81,
  0x01, 0x80, 0x20, 0x18, 0x44, 0x3e, 0x44, 0x3f, 0xc3, 0x88, 0x81, 0x01,
  0x80, 0x20, 0x18, 0x44, 0x3f, 0x54, 0x3f, 0xc3, 0x88, 0x81, 0x01, 0x80,
  0x20, 0x18, 0x44, 0x60, 0x64, 0x3f, 0x83, 0x0d, 0xb1, 0x23, 0x1f, 0x1b,
  0x64, 0x47, 0x3e, 0x36, 0xcc, 0x8e, 0x7c, 0x46, 0x0c, 0x0c, 0x00, 0x04,
  0xc1, 0x20, 0x22, 0xa3, 0xfd, 0x19, 0x46, 0x0c, 0x0c, 0x00, 0x04, 0xc1,
  0x20, 0x2a, 0x23, 0xfe, 0x19, 0x46, 0x0c, 0x0c, 0x00, 0x04, 0xc1, 0x20,
  0x32, 0xa3, 0xfe, 0x19, 0x6c, 0xc0, 0x1d, 0xf9, 0xd8, 0x90, 0x3b, 0xf2,
  0xb1, 0x41, 0x77, 0xe4, 0x63, 0x03, 0xef, 0xc0, 0xc7, 0x86, 0xde, 0x81,
  0x8f, 0x0d, 0xbe, 0x03, 0x9f, 0xe1, 0x08, 0x0c, 0x7c, 0x8a, 0x6f, 0x38,
  0x02, 0x0b, 0x9f, 0xe2, 0x1b, 0x8e, 0xc0, 0xc4, 0xa7, 0xf8, 0x6e, 0x18,
  0xea, 0x86, 0xa1, 0x6e, 0x18, 0xca, 0xb6, 0x24, 0x3e, 0xb6, 0x25, 0xf1,
  0xb1, 0x2d, 0x89, 0x8f, 0x0d, 0x86, 0x7c, 0x6c, 0x30, 0xe4, 0x63, 0x83,
  0x21, 0x1f, 0x1b, 0x1e, 0xf8, 0xd8, 0xf0, 0xc0, 0xc7, 0x86, 0x07, 0x3e,
  0x23, 0x06, 0x09, 0x00, 0x82, 0x60, 0x80, 0xfc, 0x11, 0x0c, 0xd9, 0x91,
  0x1d, 0xb9, 0xd1, 0x30, 0x62, 0x90, 0x00, 0x20, 0x08, 0x06, 0xc8, 0x1f,
  0xc1, 0x90, 0x1d, 0xd9, 0x51, 0x19, 0x09, 0x23, 0x06, 0x09, 0x00, 0x82,
  0x60, 0x80, 0xfc, 0x11, 0x0c, 0xd9, 0x91, 0x1d, 0xb5, 0x51, 0x30, 0x62,
  0x90, 0x00, 0x20, 0x08, 0x06, 0xc8, 0x1f, 0xc1, 0x90, 0x1d, 0xd9, 0x11,
  0x19, 0x85, 0xcf, 0x2c, 0x81, 0x9c, 0x0c, 0x37, 0xc8, 0x0e, 0x18, 0x81,
  0xc1, 0x2c, 0xc3, 0x53, 0x0e, 0xc1, 0x88, 0xc1, 0x01, 0x80, 0x20, 0x18,
  0x60, 0x7a, 0x54, 0x43, 0xbd, 0x83, 0x47, 0xa3, 0x09, 0x01, 0x30, 0x1c,
  0x11, 0x94, 0x4f, 0xf0, 0xcd, 0x32, 0x40, 0xe1, 0x10, 0x8c, 0x18, 0x1c,
  0x00, 0x08, 0x82, 0x01, 0xd6, 0x47, 0x38, 0x04, 0x3e, 0x7a, 0x34, 0x9a,
  0x10, 0x00, 0xa3, 0x09, 0x42, 0x60, 0x82, 0xf8, 0xc8, 0xc7, 0x04, 0xf1,
  0x91, 0x8f, 0x09, 0xf3, 0x03, 0x1f, 0x13, 0xe8, 0x07, 0x3e, 0x23, 0x06,
  0x06, 0x00, 0x82, 0x60, 0x10, 0x9d, 0x52, 0x18, 0x09, 0x23, 0x06, 0x06,
  0x00, 0x82, 0x60, 0x10, 0xa1, 0x92, 0x18, 0x09, 0x46, 0x08, 0xf1, 0x31,
  0x42, 0x88, 0x8f, 0xe1, 0x50, 0x10, 0x9f, 0x11, 0x03, 0x03, 0x00, 0x41,
  0x30, 0x88, 0x58, 0x89, 0x94, 0x82, 0xe1, 0x88, 0x40, 0x7e, 0x94, 0x6f,
  0x96, 0x21, 0x9a, 0x82, 0xe1, 0x08, 0x81, 0x7e, 0x88, 0x6f, 0x96, 0x41,
  0xa2, 0x02, 0x1b, 0xec, 0x47, 0x3e, 0x86, 0x3f, 0x41, 0x7c, 0x2c, 0x28,
  0xe4, 0x63, 0xc1, 0xfe, 0xc0, 0xc7, 0x82, 0x43, 0x3e, 0x16, 0xf8, 0x0f,
  0x7c, 0x66, 0x09, 0x28, 0x4b, 0x40, 0x48, 0x3e, 0x16, 0x88, 0x10, 0x7c,
  0x6c, 0x59, 0xe4, 0x63, 0x81, 0x20, 0x1f, 0x0b, 0xfc, 0x07, 0x3e, 0xb3,
  0x04, 0xd4, 0x40, 0xc7, 0x20, 0x4c, 0x8c, 0xa4, 0x7f, 0x91, 0xa1, 0x91,
  0x14, 0x9f, 0x11, 0x03, 0x03, 0x00, 0x41, 0x30, 0x88, 0x78, 0x89, 0x96,
  0x82, 0xe1, 0x88, 0x40, 0x84, 0x94, 0x6f, 0x96, 0xa1, 0xba, 0x82, 0xe1,
  0x08, 0x81, 0x84, 0x88, 0x6f, 0x96, 0xc1, 0xc2, 0x02, 0x1b, 0x4c, 0x48,
  0x3e, 0x86, 0x42, 0x41, 0x7c, 0x2c, 0x28, 0xe4, 0x63, 0xc1, 0x0a, 0xc1,
  0xc7, 0x82, 0x43, 0x3e, 0x16, 0xb8, 0x10, 0x7c, 0x66, 0x09, 0x30, 0x4b,
  0x60, 0x48, 0x3e, 0x16, 0xc8, 0x10, 0x7c, 0x6c, 0x59, 0xe4, 0x63, 0x81,
  0x20, 0x1f, 0x0b, 0x5c, 0x08, 0x3e, 0xb3, 0x04, 0xd8, 0x40, 0xc7, 0x20,
  0x5c, 0x8c, 0xa5, 0x83, 0x41, 0x65, 0x41, 0x24, 0x1f, 0x2b, 0x03, 0x1d,
  0x82, 0x8f, 0x95, 0xc1, 0x0e, 0xc1, 0xc7, 0x84, 0x36, 0xa0, 0x8f, 0x09,
  0x6d, 0x40, 0x9f, 0x11, 0x83, 0x07, 0x00, 0x41, 0x30, 0x68, 0xe4, 0x69,
  0x94, 0x64, 0x28, 0x86, 0x84, 0x80, 0x86, 0x68, 0x48, 0x9d, 0xd4, 0x49,
  0x94, 0x66, 0x68, 0x34, 0x21, 0x00, 0x46, 0x13, 0x84, 0x60, 0x34, 0x61,
  0x10, 0x6c, 0x48, 0xe4, 0x63, 0x83, 0x22, 0x1f, 0x1b, 0x16, 0xf9, 0xd8,
  0x1a, 0xb9, 0x41, 0x7c, 0x46, 0x0c, 0x0c, 0x00, 0x04, 0xc1, 0x20, 0xc2,
  0x27, 0x78, 0x0a, 0x86, 0x23, 0x02, 0x1f, 0x52, 0xbe, 0x59, 0x86, 0x6c,
  0x0b, 0x86, 0x23, 0x04, 0x30, 0x22, 0xbe, 0x59, 0x06, 0x8d, 0x0b, 0x6c,
  0x10, 0x23, 0xf9, 0x18, 0x19, 0x05, 0xf1, 0xb1, 0xa0, 0x90, 0x8f, 0x05,
  0x67, 0x04, 0x1f, 0x0b, 0x0e, 0xf9, 0x58, 0xa0, 0x46, 0xf0, 0x99, 0x25,
  0xe0, 0x2c, 0x61, 0x23, 0xf9, 0x58, 0xe0, 0x46, 0xf0, 0xb1, 0x65, 0x91,
  0x8f, 0x05, 0x82, 0x7c, 0x2c, 0x50, 0x23, 0xf8, 0xcc, 0x12, 0x70, 0x03,
  0x1d, 0x83, 0xb0, 0x31, 0x9a, 0x2c, 0x06, 0x99, 0x05, 0x6d, 0x20, 0x1f,
  0x0b, 0x85, 0x3a, 0x82, 0x8f, 0x05, 0xa8, 0x40, 0x9f, 0x11, 0x83, 0x07,
  0x00, 0x41, 0x30, 0x68, 0x58, 0xaa, 0x97, 0xd8, 0x68, 0x8d, 0x82, 0xcd,
  0x8d, 0xdc, 0x88, 0xa4, 0x48, 0x8a, 0x97, 0xda, 0x68, 0x34, 0x21, 0x00,
  0x46, 0x13, 0x84, 0x60, 0x34, 0x61, 0x10, 0x6c, 0x38, 0xe4, 0x63, 0x03,
  0x22, 0x1f, 0x1b, 0x12, 0xf9, 0xd8, 0xd0, 0xc1, 0xc7, 0x86, 0x0e, 0x3e,
  0x36, 0x74, 0xf0, 0x31, 0x47, 0x0d, 0xe0, 0x63, 0x7a, 0xc4, 0x0a, 0xf1,
  0x19, 0x31, 0x30, 0x00, 0x10, 0x04, 0x83, 0xc8, 0xa6, 0x5c, 0x2a, 0x18,
  0x8e, 0x08, 0xf8, 0x48, 0xf9, 0x66, 0x19, 0xba, 0x2f, 0x18, 0x8e, 0x10,
  0xfc, 0x88, 0xf8, 0x66, 0x19, 0x3c, 0x30, 0x08, 0x6c, 0x00, 0x25, 0xf9,
  0x98, 0x28, 0x05, 0xf1, 0xb1, 0xa0, 0x90, 0x8f, 0x05, 0xa5, 0x04, 0x1f,
  0x0b, 0x0e, 0xf9, 0x58, 0x80, 0x4a, 0xf0, 0x99, 0x25, 0x00, 0x03, 0x4b,
  0x54, 0x49, 0x3e, 0x16, 0xb0, 0x12, 0x7c, 0x6c, 0x59, 0xe4, 0x63, 0x81,
  0x20, 0x1f, 0x0b, 0x50, 0x09, 0x3e, 0xb3, 0x04, 0x60, 0x30, 0xd0, 0x31,
  0x08, 0x1f, 0xe3, 0xb9, 0x64, 0xd0, 0x59, 0xb0, 0x0a, 0xf2, 0xb1, 0x5f,
  0x90, 0x27, 0xf8, 0x58, 0x60, 0x0e, 0xf4, 0x19, 0x31, 0x78, 0x00, 0x10,
  0x04, 0x83, 0x46, 0xad, 0xf6, 0x49, 0x95, 0x52, 0x29, 0xc8, 0x03, 0x56,
  0x62, 0x25, 0xb1, 0x12, 0x2b, 0x7d, 0x5a, 0xa5, 0xd1, 0x84, 0x00, 0x18,
  0x4d, 0x10, 0x82, 0xd1, 0x84, 0x41, 0xb0, 0xe1, 0x90, 0x8f, 0x0d, 0x88,
  0x7c, 0x6c, 0x48, 0xe4, 0x63, 0xde, 0x00, 0x1f, 0xf3, 0x06, 0xf8, 0x98,
  0x37, 0xc0, 0xc7, 0x3c, 0x07, 0x3e, 0x96, 0x4b, 0xea, 0x10, 0x9f, 0x11,
  0x03, 0x03, 0x00, 0x41, 0x30, 0x88, 0xe8, 0x8a, 0xad, 0x82, 0xe1, 0x88,
  0x40, 0x97, 0x94, 0x6f, 0x96, 0x21, 0x0c, 0xc6, 0x20, 0x18, 0x8e, 0x10,
  0x78, 0x89, 0xf8, 0x66, 0x19, 0xc4, 0x80, 0x0c, 0x02, 0x1b, 0x7c, 0x49,
  0x3e, 0x06, 0x4e, 0x41, 0x7c, 0x2c, 0x28, 0xe4, 0x63, 0xc1, 0x38, 0xc1,
  0xc7, 0x82, 0x43, 0x3e, 0x16, 0x98, 0x13, 0x7c, 0x66, 0x09, 0xc8, 0xc0,
  0x12, 0x74, 0x92, 0x8f, 0x05, 0xea, 0x04, 0x1f, 0x5b, 0x16, 0xf9, 0x58,
  0x20, 0xc8, 0xc7, 0x02, 0x73, 0x82, 0xcf, 0x2c, 0x01, 0x19, 0x0c, 0x74,
  0x0c, 0xc2, 0x18, 0x30, 0x62, 0xa0, 0x9a, 0x41, 0x18, 0x58, 0x90, 0x0e,
  0xf2, 0xb1, 0x7e, 0x78, 0x29, 0xf8, 0x58, 0x40, 0x12, 0xf4, 0x19, 0x31,
  0x78, 0x00, 0x10, 0x04, 0x83, 0x06, 0xb5, 0x72, 0x0a, 0x9d, 0xce, 0x29,
  0xb8, 0x05, 0x75, 0x52, 0x27, 0xd0, 0x02, 0x2d, 0x9c, 0x4a, 0xa7, 0xd1,
  0x84, 0x00, 0x18, 0x4d, 0x10, 0x82, 0xd1, 0x84, 0x41, 0xb0, 0xe1, 0x90,
  0x8f, 0x0d, 0x88, 0x7c, 0x6c, 0x48, 0xe4, 0x63, 0xde, 0x00, 0x1f, 0xf3,
  0x06, 0xf8, 0x98, 0x37, 0xc0, 0xc7, 0x3c, 0x07, 0x3e, 0x16, 0xdc, 0x83,
  0x7c, 0xcc, 0xa4, 0x50, 0x22, 0x3e, 0x23, 0x06, 0x06, 0x00, 0x82, 0x60,
  0x10, 0xcd, 0xd6, 0x6a, 0x05, 0xc3, 0x11, 0x41, 0x3e, 0x29, 0xdf, 0x2c,
  0x43, 0x19, 0x9c, 0x41, 0x30, 0x1c, 0x21, 0xec, 0x13, 0xf1, 0xcd, 0x32,
  0x98, 0x01, 0x1a, 0x04, 0x36, 0xf4, 0x93, 0x7c, 0xec, 0x9f, 0x82, 0xf8,
  0x58, 0x50, 0xc8, 0xc7, 0x02, 0x91, 0x82, 0x8f, 0x05, 0x87, 0x7c, 0x2c,
  0x28, 0x29, 0xf8, 0xcc, 0x12, 0xa0, 0x81, 0x25, 0x27, 0x25, 0x1f, 0x0b,
  0x52, 0x0a, 0x3e, 0xb6, 0x2c, 0xf2, 0xb1, 0x40, 0x90, 0x8f, 0x05, 0x25,
  0x05, 0x9f, 0x59, 0x02, 0x34, 0x18, 0xe8, 0x18, 0x84, 0x33, 0x60, 0xcc,
  0x00, 0x45, 0x83, 0x32, 0x98, 0x65, 0x48, 0x83, 0x35, 0x28, 0x89, 0xe1,
  0x08, 0x93, 0x40, 0x29, 0xe2, 0x9b, 0x65, 0x50, 0x03, 0x36, 0x08, 0xec,
  0x24, 0x54, 0x4a, 0x3e, 0xc6, 0x52, 0x41, 0x7c, 0x2c, 0x48, 0x09, 0xf9,
  0x58, 0xf0, 0x52, 0xf0, 0xb1, 0x60, 0x25, 0xe4, 0x63, 0x81, 0x4c, 0xc1,
  0x67, 0x96, 0x80, 0x0d, 0xac, 0x25, 0x68, 0x4a, 0x3e, 0x16, 0xd8, 0x14,
  0x7c, 0xec, 0x25, 0x5e, 0x42, 0x3e, 0x16, 0x08, 0xf2, 0xb1, 0x40, 0xa6,
  0xe0, 0x33, 0x4b, 0xc0, 0x06, 0x03, 0x1d, 0x83, 0xb0, 0x06, 0x8c, 0x1a,
  0x88, 0x69, 0x90, 0x06, 0x16, 0x38, 0xf2, 0x31, 0xb4, 0xe8, 0x29, 0xf8,
  0x58, 0xf0, 0x16, 0xf4, 0x19, 0x31, 0x78, 0x00, 0x10, 0x04, 0x83, 0x86,
  0xbe, 0x4a, 0x8b, 0xa6, 0x66, 0x8a, 0x24, 0x02, 0x9b, 0xb2, 0x29, 0xf6,
  0x62, 0x2f, 0xd2, 0xaa, 0xa9, 0xd1, 0x84, 0x00, 0x18, 0x4d, 0x10, 0x82,
  0xd1, 0x84, 0x41, 0xb0, 0xe1, 0x90, 0x8f, 0x0d, 0x88, 0x7c, 0x6c, 0x48,
  0xe4, 0x63, 0x6c, 0x30, 0xc0, 0xc7, 0xd8, 0x60, 0x80, 0x8f, 0xb1, 0xc1,
  0x00, 0x1f, 0x6b, 0xd6, 0x00, 0x3e, 0xb3, 0x0c, 0x6d, 0xf0, 0x06, 0x24,
  0x31, 0x1c, 0x51, 0x12, 0x63, 0x45, 0x7c, 0xb3, 0x0c, 0x6e, 0x00, 0x07,
  0x81, 0x99, 0x44, 0x59, 0xc9, 0xc7, 0xce, 0x2a, 0x88, 0x8f, 0x05, 0x28,
  0x21, 0x1f, 0x0b, 0xd4, 0x0a, 0x3e, 0x16, 0xa8, 0x84, 0x7c, 0x2c, 0x68,
  0x2b, 0xf8, 0xcc, 0x12, 0xc0, 0x81, 0xb1, 0xc4, 0x5b, 0xc9, 0xc7, 0x82,
  0xb8, 0x82, 0x8f, 0xb9, 0x84, 0x4b, 0xc8, 0xc7, 0x02, 0x41, 0x3e, 0x16,
  0xb4, 0x15, 0x7c, 0x66, 0x09, 0xe0, 0x60, 0xa0, 0x63, 0x10, 0xde, 0x80,
  0x71, 0x03, 0x5c, 0x0d, 0xda, 0xc0, 0x82, 0x34, 0x90, 0xcf, 0x88, 0xc1,
  0x03, 0x80, 0x20, 0x18, 0x34, 0x2d, 0xe6, 0x5b, 0x6d, 0xc5, 0x56, 0x22,
  0xa1, 0xbd, 0xd5, 0x5b, 0x95, 0x58, 0x89, 0xf5, 0x96, 0x5b, 0x8d, 0x26,
  0x04, 0xc0, 0x68, 0x82, 0x10, 0x8c, 0x26, 0x0c, 0x82, 0x0d, 0x85, 0x7c,
  0x6c, 0x30, 0xe4, 0x63, 0xc3, 0x21, 0x1f, 0xcb, 0x06, 0xf8, 0x58, 0x36,
  0xc0, 0xc7, 0xb2, 0x01, 0x3e, 0x96, 0x2d, 0xf0, 0x99, 0x65, 0x88, 0x83,
  0x39, 0xf8, 0x87, 0xe1, 0x08, 0x90, 0xe0, 0x2b, 0xe2, 0x9b, 0x65, 0x90,
  0x03, 0x3a, 0x08, 0x2c, 0x24, 0xfc, 0x4a, 0x3e, 0x06, 0x5a, 0x41, 0x7c,
  0x2c, 0x18, 0x09, 0xf9, 0x58, 0x30, 0x5a, 0xf0, 0xb1, 0xa0, 0x24, 0xe4,
  0x63, 0x81, 0x69, 0xc1, 0x67, 0x96, 0x80, 0x0e, 0xec, 0x24, 0x50, 0x4b,
  0x3e, 0x16, 0xa8, 0x16, 0x7c, 0x2c, 0x25, 0x52, 0x42, 0x3e, 0x16, 0x08,
  0xf2, 0xb1, 0xc0, 0xb4, 0xe0, 0x33, 0x4b, 0x40, 0x07, 0x03, 0x1d, 0x83,
  0x30, 0x07, 0x8c, 0x1c, 0xa8, 0x6c, 0x10, 0x07, 0x16, 0x88, 0x82, 0x7c,
  0x46, 0x0c, 0x1e, 0x00, 0x04, 0xc1, 0xa0, 0x31, 0xb3, 0xfb, 0x32, 0xad,
  0xd2, 0xea, 0x87, 0x39, 0x40, 0x2d, 0xd4, 0xf2, 0x31, 0x1f, 0xb3, 0xaf,
  0xd3, 0x1a, 0x4d, 0x08, 0x80, 0xd1, 0x04, 0x21, 0x18, 0x4d, 0x18, 0x04,
  0x1b, 0x0a, 0xf9, 0xd8, 0x60, 0xc8, 0xc7, 0x86, 0x43, 0x3e, 0x96, 0x0d,
  0xf0, 0xb1, 0x6c, 0x80, 0x8f, 0x65, 0x03, 0x7c, 0x2c, 0x5b, 0xe0, 0x33,
  0xcb, 0x50, 0x07, 0x77, 0xa0, 0x0f, 0xc3, 0x11, 0xfb, 0x50, 0x5b, 0xc4,
  0x37, 0xcb, 0x60, 0x07, 0x78, 0x10, 0x18, 0x3f, 0xdc, 0x96, 0x7c, 0x2c,
  0xb7, 0x82, 0xf8, 0x58, 0xe0, 0x0f, 0xf2, 0xb1, 0x80, 0xb7, 0xe0, 0x63,
  0x01, 0x48, 0xc8, 0xc7, 0x82, 0xdf, 0x82, 0xcf, 0x2c, 0x01, 0x1e, 0x98,
  0x48, 0x84, 0x97, 0x7c, 0x2c, 0x18, 0x2f, 0xf8, 0x18, 0x49, 0x90, 0x84,
  0x7c, 0x2c, 0x10, 0xe4, 0x63, 0xc1, 0x6f, 0xc1, 0x67, 0x96, 0x00, 0x0f,
  0x06, 0x3a, 0x06, 0xe1, 0x0e, 0x18, 0x3b, 0xe0, 0xdb, 0xa0, 0x0e, 0x2c,
  0xd8, 0x05, 0xf9, 0x8c, 0x18, 0x3c, 0x00, 0x08, 0x82, 0x41, 0xf3, 0x67,
  0x30, 0xf6, 0x5b, 0xbe, 0x85, 0x0f, 0xac, 0x10, 0x5e, 0xe1, 0x75, 0x67,
  0x77, 0xf6, 0x62, 0xe0, 0x35, 0x9a, 0x10, 0x00, 0xa3, 0x09, 0x42, 0x30,
  0x9a, 0x30, 0x08, 0x36, 0x14, 0xf2, 0xb1, 0xc1, 0x90, 0x8f, 0x0d, 0x87,
  0x7c, 0x2c, 0x1b, 0xe0, 0x63, 0xd9, 0x00, 0x1f, 0xcb, 0x06, 0xf8, 0x58,
  0xb6, 0xc0, 0xc7, 0xda, 0xcb, 0x3f, 0xe2, 0x33, 0x62, 0x60, 0x00, 0x20,
  0x08, 0x06, 0x51, 0xaa, 0x85, 0x5a, 0x30, 0x1c, 0x11, 0xbc, 0x97, 0xf2,
  0xcd, 0x32, 0xe4, 0xc1, 0x1e, 0x04, 0xc3, 0x11, 0x42, 0x7c, 0x11, 0xdf,
  0x2c, 0x83, 0x1e, 0xf0, 0x41, 0x60, 0xc3, 0x7c, 0xc9, 0xc7, 0xea, 0x2b,
  0x88, 0x8f, 0x05, 0x85, 0x7c, 0x2c, 0xc0, 0x2f, 0xf8, 0x58, 0x70, 0xc8,
  0xc7, 0x82, 0xfd, 0x82, 0xcf, 0x2c, 0x01, 0x1f, 0x58, 0xd2, 0x5f, 0xf2,
  0xb1, 0xe0, 0xbf, 0xe0, 0x63, 0xcb, 0x22, 0x1f, 0x0b, 0x04, 0xf9, 0x58,
  0xb0, 0x5f, 0xf0, 0x99, 0x25, 0xe0, 0x83, 0x81, 0x8e, 0x41, 0xd8, 0x03,
  0x46, 0x0f, 0xe8, 0x37, 0xc8, 0x83, 0x59, 0x86, 0x3e, 0xf8, 0x83, 0xfd,
  0x18, 0x8e, 0xe0, 0x0f, 0xff, 0x22, 0xbe, 0x59, 0x06, 0x3f, 0x00, 0x85,
  0xc0, 0xfa, 0x03, 0xc4, 0xe4, 0x63, 0x22, 0x16, 0xc4, 0xc7, 0x82, 0xff,
  0x90, 0x8f, 0x05, 0x25, 0x06, 0x1f, 0x0b, 0x42, 0x44, 0x3e, 0x16, 0xa0,
  0x18, 0x7c, 0x66, 0x09, 0x40, 0xc1, 0x46, 0x44, 0xc5, 0xe4, 0x63, 0x01,
  0x8b, 0xc1, 0xc7, 0x4a, 0xa4, 0x44, 0xe4, 0x63, 0x81, 0x20, 0x1f, 0x0b,
  0x50, 0x0c, 0x3e, 0xb3, 0x04, 0xa0, 0x30, 0xd0, 0x31, 0x08, 0x7f, 0xc0,
  0xf8, 0x81, 0x0b, 0x07, 0x7d, 0x60, 0x81, 0x23, 0x1f, 0xf3, 0x11, 0x39,
  0x83, 0x8f, 0x05, 0x65, 0x42, 0x9f, 0x11, 0x83, 0x07, 0x00, 0x41, 0x30,
  0x68, 0xd4, 0x6d, 0xcf, 0x54, 0x2c, 0xc5, 0xf4, 0x23, 0x60, 0x31, 0x16,
  0x13, 0x37, 0x71, 0xd3, 0xb3, 0x15, 0x1b, 0x4d, 0x08, 0x80, 0xd1, 0x04,
  0x21, 0x18, 0x4d, 0x18, 0x04, 0x1b, 0x0e, 0xf9, 0xd8, 0x80, 0xc8, 0xc7,
  0x86, 0x44, 0x3e, 0xb6, 0x06, 0x03, 0x7c, 0x6c, 0x0d, 0x06, 0xf8, 0xd8,
  0x1a, 0x0c, 0xf0, 0xb1, 0x35, 0x68, 0xe0, 0x33, 0xcb, 0x10, 0x0a, 0xa3,
  0xa0, 0x1f, 0xc3, 0x11, 0xfb, 0x91, 0x63, 0xc4, 0x37, 0xcb, 0x20, 0x0a,
  0xa4, 0x10, 0x18, 0x7f, 0xec, 0x98, 0x7c, 0xac, 0xc7, 0x82, 0xf8, 0x58,
  0xe0, 0x1f, 0xf2, 0xb1, 0x00, 0xcc, 0xe0, 0x63, 0x01, 0x88, 0xc8, 0xc7,
  0x82, 0x31, 0x83, 0xcf, 0x2c, 0x01, 0x29, 0x98, 0x88, 0x94, 0x99, 0x7c,
  0x2c, 0x38, 0x33, 0xf8, 0x18, 0x89, 0x90, 0x88, 0x7c, 0x2c, 0x10, 0xe4,
  0x63, 0xc1, 0x98, 0xc1, 0x67, 0x96, 0x80, 0x14, 0x06, 0x3a, 0x06, 0x61,
  0x14, 0x18, 0x51, 0x20, 0xe5, 0x20, 0x14, 0x2c, 0x48, 0x03, 0xf9, 0x8c,
  0x18, 0x3c, 0x00, 0x08, 0x82, 0x41, 0x33, 0x72, 0xb4, 0x36, 0x66, 0x62,
  0x86, 0x1f, 0x5a, 0x99, 0x95, 0xd9, 0xbe, 0xed, 0xdb, 0xac, 0x91, 0xd9,
  0x68, 0x42, 0x00, 0x8c, 0x26, 0x08, 0xc1, 0x68, 0xc2, 0x20, 0xd8, 0x50,
  0xc8, 0xc7, 0x06, 0x43, 0x3e, 0x36, 0x1c, 0xf2, 0xb1, 0x6c, 0x80, 0x8f,
  0x65, 0x03, 0x7c, 0x2c, 0x1b, 0xe0, 0x63, 0xd9, 0x02, 0x9f, 0x59, 0x86,
  0x52, 0x38, 0x85, 0xfa, 0x18, 0x8e, 0xb0, 0x0f, 0x39, 0x23, 0xbe, 0x59,
  0x06, 0x53, 0x40, 0x85, 0xc0, 0xee, 0x83, 0xce, 0xe4, 0x63, 0x76, 0x16,
  0xc4, 0xc7, 0x82, 0xfc, 0x90, 0x8f, 0x05, 0x79, 0x06, 0x1f, 0x0b, 0xf6,
  0x43, 0x3e, 0x16, 0xf0, 0x19, 0x7c, 0x66, 0x09, 0x50, 0xc1, 0xfa, 0xc3,
  0xcf, 0xe4, 0x63, 0x01, 0xa8, 0xc1, 0xc7, 0xfe, 0xe3, 0x3f, 0xe4, 0x63,
  0x81, 0x20, 0x1f, 0x0b, 0xf8, 0x0c, 0x3e, 0xb3, 0x04, 0xa8, 0x30, 0xd0,
  0x31, 0x08, 0xa7, 0xc0, 0x98, 0x82, 0x3d, 0x07, 0xa5, 0x60, 0x81, 0x28,
  0xc8, 0x67, 0xc4, 0xe0, 0x01, 0x40, 0x10, 0x0c, 0x1a, 0x9e, 0x6b, 0x37,
  0x3e, 0xdb, 0xb3, 0xf9, 0x98, 0x03, 0x3f, 0xf3, 0x33, 0x9a, 0xa3, 0x39,
  0x76, 0xeb, 0xb3, 0xd1, 0x84, 0x00, 0x18, 0x4d, 0x10, 0x82, 0xd1, 0x84,
  0x41, 0xb0, 0xa1, 0x90, 0x8f, 0x0d, 0x86, 0x7c, 0x6c, 0x38, 0xe4, 0x63,
  0xd9, 0x00, 0x1f, 0xcb, 0x06, 0xf8, 0x58, 0x36, 0xc0, 0xc7, 0xb2, 0x05,
  0x3e, 0xb3, 0x0c, 0xa9, 0xb0, 0x0a, 0xf0, 0x31, 0x1c, 0x11, 0x1f, 0xab,
  0x46, 0x7c, 0xb3, 0x0c, 0xaa, 0xc0, 0x0a, 0x81, 0xc9, 0x47, 0xab, 0xc9,
  0xc7, 0x5e, 0x2d, 0x88, 0x8f, 0x05, 0xf4, 0x21, 0x1f, 0x0b, 0x64, 0x0d,
  0x3e, 0x16, 0xd8, 0x87, 0x7c, 0x2c, 0xa8, 0x35, 0xf8, 0xcc, 0x12, 0xb0,
  0x82, 0xe1, 0xc7, 0xad, 0xc9, 0xc7, 0x82, 0x5c, 0x83, 0x8f, 0xe9, 0x87,
  0x7e, 0xc8, 0xc7, 0x02, 0x41, 0x3e, 0x16, 0xd4, 0x1a, 0x7c, 0x66, 0x09,
  0x58, 0x61, 0xa0, 0x63, 0x10, 0x56, 0x81, 0x51, 0x05, 0xb4, 0x0e, 0x52,
  0xc1, 0x82, 0x5d, 0x90, 0xcf, 0x88, 0xc1, 0x03, 0x80, 0x20, 0x18, 0x34,
  0x75, 0x67, 0x72, 0xb5, 0x46, 0x6b, 0xee, 0xc1, 0x0a, 0xb7, 0x76, 0x6b,
  0x6d, 0xd7, 0x76, 0x25, 0x67, 0x6b, 0xa3, 0x09, 0x01, 0x30, 0x9a, 0x20,
  0x04, 0xa3, 0x09, 0x83, 0x60, 0x43, 0x21, 0x1f, 0x1b, 0x0c, 0xf9, 0xd8,
  0x70, 0xc8, 0xc7, 0xb2, 0x01, 0x3e, 0x96, 0x0d, 0xf0, 0xb1, 0x6c, 0x80,
  0x8f, 0x65, 0x0b, 0x7c, 0x8c, 0xdc, 0xe8, 0x25, 0x3e, 0x23, 0x06, 0x06,
  0x00, 0x82, 0x60, 0x10, 0xfd, 0xdd, 0xdd, 0x05, 0xc3, 0x11, 0x41, 0xb9,
  0x29, 0xdf, 0x2c, 0x43, 0x2b, 0xbc, 0x42, 0x30, 0x1c, 0x21, 0x9c, 0x1b,
  0xf1, 0xcd, 0x32, 0xb8, 0x02, 0x2c, 0x04, 0x36, 0xa4, 0x9b, 0x7c, 0x6c,
  0xdd, 0x82, 0xf8, 0x58, 0x50, 0xc8, 0xc7, 0x02, 0x77, 0x83, 0x8f, 0x05,
  0x87, 0x7c, 0x2c, 0x88, 0x37, 0xf8, 0xcc, 0x12, 0xc0, 0x82, 0x25, 0xf3,
  0x26, 0x1f, 0x0b, 0xea, 0x0d, 0x3e, 0xb6, 0x2c, 0xf2, 0xb1, 0x40, 0x90,
  0x8f, 0x05, 0xf1, 0x06, 0x9f, 0x59, 0x02, 0x58, 0x18, 0xe8, 0x18, 0x84,
  0x57, 0x60, 0x5c, 0x01, 0xbc, 0x83, 0x56, 0x98, 0x65, 0x88, 0x85, 0x59,
  0x88, 0x97, 0xe1, 0x08, 0x79, 0xa1, 0x37, 0xe2, 0x9b, 0x65, 0x90, 0x05,
  0x5a, 0x08, 0x6c, 0x5e, 0xec, 0x4d, 0x3e, 0x86, 0x6f, 0x41, 0x7c, 0x2c,
  0xa8, 0x17, 0xf9, 0x58, 0xb0, 0x6f, 0xf0, 0xb1, 0xe0, 0x5e, 0xe4, 0x63,
  0x81, 0xbf, 0xc1, 0x67, 0x96, 0x80, 0x16, 0x2c, 0x5f, 0x40, 0x4e, 0x3e,
  0x16, 0x88, 0x1c, 0x7c, 0x6c, 0x5f, 0xf6, 0x45, 0x3e, 0x16, 0x08, 0xf2,
  0xb1, 0xc0, 0xdf, 0xe0, 0x33, 0x4b, 0x40, 0x0b, 0x03, 0x1d, 0x83, 0x30,
  0x0b, 0x8c, 0x2c, 0xe8, 0x77, 0x10, 0x0b, 0x16, 0x38, 0xf2, 0x31, 0x9a,
  0x39, 0x3b, 0xf8, 0x58, 0xb0, 0x33, 0xf4, 0x19, 0x31, 0x78, 0x00, 0x10,
  0x04, 0x83, 0x06, 0xfc, 0xe2, 0x0e, 0xe4, 0xfe, 0x0d, 0x5e, 0x02, 0x91,
  0x13, 0x39, 0xdc, 0xc3, 0x3d, 0xb8, 0x0b, 0xb9, 0xd1, 0x84, 0x00, 0x18,
  0x4d, 0x10, 0x82, 0xd1, 0x84, 0x41, 0xb0, 0xe1, 0x90, 0x8f, 0x0d, 0x88,
  0x7c, 0x6c, 0x48, 0xe4, 0x63, 0x6b, 0x30, 0xc0, 0xc7, 0xd6, 0x60, 0x80,
  0x8f, 0xad, 0xc1, 0x00, 0x1f, 0x5b, 0x83, 0x06, 0x3e, 0xb3, 0x0c, 0xb5,
  0x70, 0x0b, 0xf0, 0x32, 0x1c, 0x11, 0x2f, 0x2f, 0x47, 0x7c, 0xb3, 0x0c,
  0xb6, 0x80, 0x0b, 0x81, 0xc9, 0x4b, 0xcc, 0xc9, 0xc7, 0x66, 0x2e, 0x88,
  0x8f, 0x05, 0xf4, 0x22, 0x1f, 0x0b, 0x6c, 0x0e, 0x3e, 0x16, 0xd8, 0x8b,
  0x7c, 0x2c, 0xc8, 0x39, 0xf8, 0xcc, 0x12, 0xe0, 0x82, 0xe1, 0xcb, 0xce,
  0xc9, 0xc7, 0x82, 0x9e, 0x83, 0x8f, 0xe9, 0x8b, 0xbe, 0xc8, 0xc7, 0x02,
  0x41, 0x3e, 0x16, 0xe4, 0x1c, 0x7c, 0x66, 0x09, 0x70, 0x61, 0xa0, 0x63,
  0x10, 0x6e, 0x81, 0xb1, 0x05, 0x38, 0x0f, 0x6a, 0xc1, 0x82, 0x34, 0x90,
  0xcf, 0x88, 0xc1, 0x03, 0x80, 0x20, 0x18, 0x34, 0xf9, 0xa7, 0x7a, 0x39,
  0x87, 0x73, 0xee, 0xa2, 0xed, 0xdc, 0xce, 0xc5, 0x5f, 0xfc, 0xa5, 0x9e,
  0xce, 0x8d, 0x26, 0x04, 0xc0, 0x68, 0x82, 0x10, 0x8c, 0x26, 0x0c, 0x82,
  0x0d, 0x85, 0x7c, 0x6c, 0x30, 0xe4, 0x63, 0xc3, 0x21, 0x1f, 0xcb, 0x06,
  0xf8, 0x58, 0x36, 0xc0, 0xc7, 0xb2, 0x01, 0x3e, 0x96, 0x2d, 0xf0, 0x99,
  0x65, 0xc8, 0x85, 0x5d, 0x58, 0x97, 0xe1, 0x08, 0x76, 0x41, 0x3b, 0xe2,
  0x9b, 0x65, 0xd0, 0x05, 0x5e, 0x08, 0xac, 0x5d, 0xd4, 0x4e, 0x3e, 0xc6,
  0x76, 0x41, 0x7c, 0x2c, 0x78, 0x17, 0xf9, 0x58, 0xf0, 0x76, 0xf0, 0xb1,
  0x20, 0x5e, 0xe4, 0x63, 0x81, 0xdc, 0xc1, 0x67, 0x96, 0x80, 0x17, 0x6c,
  0x5e, 0xe8, 0x4e, 0x3e, 0x16, 0xd8, 0x1d, 0x7c, 0xac, 0x5e, 0xea, 0x45,
  0x3e, 0x16, 0x08, 0xf2, 0xb1, 0x40, 0xee, 0xe0, 0x33, 0x4b, 0xc0, 0x0b,
  0x03, 0x1d, 0x83, 0xb0, 0x0b, 0x8c, 0x2e, 0x88, 0x7b, 0x90, 0x0b, 0x16,
  0x88, 0x82, 0x7c, 0x46, 0x0c, 0x1e, 0x00, 0x04, 0xc1, 0xa0, 0x91, 0xc1,
  0x60, 0xfc, 0xe4, 0x2e, 0xee, 0xd2, 0x65, 0x0e, 0xe8, 0x8e, 0xee, 0x54,
  0x30, 0x50, 0xc1, 0x40, 0xfc, 0xe6, 0x6e, 0x34, 0x21, 0x00, 0x46, 0x13,
  0x84, 0x60, 0x34, 0x61, 0x10, 0x6c, 0x28, 0xe4, 0x63, 0x83, 0x21, 0x1f,
  0x1b, 0x0e, 0xf9, 0x58, 0x36, 0xc0, 0xc7, 0xb2, 0x01, 0x3e, 0x96, 0x0d,
  0xf0, 0xb1, 0x6c, 0x81, 0xcf, 0x2c, 0x43, 0x2f, 0xfc, 0x82, 0xb9, 0x0c,
  0x47, 0x9c, 0x4b, 0xe8, 0x11, 0xdf, 0x2c, 0x83, 0x2f, 0x80, 0x43, 0x60,
  0xe8, 0x32, 0x7a, 0xf2, 0xb1, 0xd2, 0x0b, 0xe2, 0x63, 0x81, 0xba, 0xc8,
  0xc7, 0x02, 0xd4, 0x83, 0x8f, 0x05, 0xec, 0x22, 0x1f, 0x0b, 0x56, 0x0f,
  0x3e, 0xb3, 0x04, 0xe0, 0x60, 0xee, 0xd2, 0x7a, 0xf2, 0xb1, 0xe0, 0xf5,
  0xe0, 0x63, 0xf0, 0x02, 0x2f, 0xf2, 0xb1, 0x40, 0x90, 0x8f, 0x05, 0xab,
  0x07, 0x9f, 0x59, 0x02, 0x70, 0x18, 0xe8, 0x18, 0x84, 0x5f, 0x60, 0x7c,
  0x81, 0xe6, 0x83, 0x5e, 0xb0, 0x60, 0x17, 0xe4, 0x33, 0x62, 0xf0, 0x00,
  0x20, 0x08, 0x06, 0xcd, 0x1a, 0x06, 0xfc, 0xb7, 0x7a, 0xaa, 0x47, 0x2e,
  0xac, 0xd0, 0x7a, 0xad, 0x37, 0x86, 0xc1, 0x18, 0x06, 0xfb, 0xc7, 0x7a,
  0xa3, 0x09, 0x01, 0x30, 0x9a, 0x20, 0x04, 0xa3, 0x09, 0x83, 0x60, 0x43,
  0x21, 0x1f, 0x1b, 0x0c, 0xf9, 0xd8, 0x70, 0xc8, 0xc7, 0xb2, 0x01, 0x3e,
  0x96, 0x0d, 0xf0, 0xb1, 0x6c, 0x80, 0x8f, 0x65, 0x0b, 0x7c, 0x46, 0x0c,
  0x0e, 0x00, 0x04, 0xc1, 0xe0, 0xa9, 0xc3, 0x20, 0x05, 0x83, 0x20, 0xfd,
  0xac, 0x08, 0xe8, 0x63, 0x85, 0x40, 0x1f, 0x2b, 0x06, 0xfa, 0xcc, 0x12,
  0x90, 0xc3, 0x70, 0x84, 0xfe, 0x88, 0x60, 0x10, 0x7c, 0xb3, 0x0c, 0xe2,
  0x30, 0x0e, 0xc1, 0x88, 0xc1, 0x01, 0x80, 0x20, 0x18, 0x60, 0x76, 0x18,
  0xc4, 0x60, 0x90, 0x7b, 0x73, 0x18, 0x8c, 0x26, 0x04, 0xc0, 0x68, 0x82,
  0x10, 0x58, 0xf8, 0x09, 0xf4, 0x31, 0xf1, 0x13, 0xe8, 0x63, 0xbd, 0x27,
  0xd0, 0xc7, 0x7a, 0x4f, 0xa0, 0x8f, 0x09, 0xed, 0x07, 0x1f, 0x13, 0xdc,
  0x0f, 0x3e, 0x23, 0x06, 0x06, 0x00, 0x82, 0x60, 0x10, 0x89, 0x62, 0xc0,
  0x83, 0x81, 0x30, 0x62, 0x60, 0x00, 0x20, 0x08, 0x06, 0xd1, 0x28, 0x06,
  0x3d, 0x18, 0x08, 0x26, 0x18, 0xf1, 0x31, 0xc1, 0x88, 0xcf, 0x68, 0x42,
  0x0a, 0x05, 0xa3, 0x09, 0x2a, 0x24, 0x18, 0x21, 0xc8, 0xc7, 0x08, 0x41,
  0x3e, 0x26, 0xdc, 0x1f, 0x7c, 0x4c, 0xc0, 0x3f, 0xf8, 0x8c, 0x18, 0x1c,
  0x00, 0x08, 0x82, 0xc1, 0xd3, 0x8a, 0x41, 0x18, 0x06, 0xc2, 0xfb, 0x8d,
  0x18, 0x1c, 0x00, 0x08, 0x82, 0xc1, 0xe3, 0x8a, 0x81, 0x18, 0x06, 0x02,
  0xfc, 0x8d, 0x18, 0x1c, 0x00, 0x08, 0x82, 0xc1, 0xf3, 0x8a, 0x41, 0x1a,
  0x06, 0xc2, 0xfc, 0x8d, 0x18, 0x1c, 0x00, 0x08, 0x82, 0xc1, 0x03, 0x8b,
  0x81, 0x1a, 0x06, 0x02, 0xfd, 0x99, 0xd3, 0x7f, 0xf0, 0xb1, 0x60, 0x88,
  0x8f, 0x3d, 0xff, 0x07, 0x1f, 0x0b, 0x88, 0xf8, 0xd8, 0x80, 0xc9, 0xc7,
  0x04, 0x4c, 0x3e, 0xb3, 0x04, 0xe3, 0x30, 0x50, 0x31, 0x10, 0xe2, 0xa0,
  0xfe, 0x41, 0x38, 0x0c, 0x54, 0x0c, 0x84, 0x38, 0xa8, 0x7f, 0x10, 0x0e,
  0x23, 0x06, 0x0f, 0x00, 0x82, 0x60, 0xd0, 0xe8, 0x62, 0xb0, 0x86, 0x81,
  0xfe, 0xe5, 0x9f, 0x10, 0xf0, 0x1f, 0xff, 0xc9, 0x62, 0x20, 0x8b, 0x81,
  0x1a, 0x06, 0xfb, 0x37, 0x9a, 0x10, 0x00, 0xa3, 0x09, 0x42, 0x30, 0x9a,
  0x30, 0x08, 0xb3, 0x04, 0xe4, 0x30, 0x50, 0x31, 0xb8, 0x02, 0x38, 0x18,
  0xe3, 0x30, 0x50, 0x31, 0xb8, 0x02, 0x38, 0x18, 0xe3, 0x30, 0x50, 0x31,
  0xb8, 0x02, 0x38, 0x18, 0xe3, 0x30, 0x62, 0x90, 0x00, 0x20, 0x08, 0x06,
  0x88, 0x38, 0x06, 0x73, 0x18, 0xe4, 0x62, 0x90, 0x8b, 0x41, 0x2c, 0x06,
  0xc3, 0x88, 0x41, 0x02, 0x80, 0x20, 0x18, 0x20, 0xe2, 0x18, 0xcc, 0x61,
  0x90, 0x8b, 0x41, 0x2e, 0x06, 0xa8, 0x18, 0x08, 0x23, 0x06, 0x09, 0x00,
  0x82, 0x60, 0x80, 0x88, 0x63, 0x30, 0x87, 0x41, 0x2e, 0x06, 0xb9, 0x18,
  0xc0, 0x62, 0x10, 0x8c, 0x18, 0x24, 0x00, 0x08, 0x82, 0x01, 0x22, 0x8e,
  0xc1, 0x1c, 0x06, 0xb9, 0x18, 0xe4, 0x62, 0x70, 0x8a, 0x01, 0x09, 0x06,
  0xb3, 0x04, 0x72, 0x32, 0xdc, 0x50, 0x7f, 0xa2, 0x18, 0x80, 0xc1, 0x2c,
  0x83, 0x39, 0xc0, 0x43, 0x30, 0x62, 0xf0, 0x00, 0x20, 0x08, 0x06, 0x8d,
  0x38, 0x06, 0x73, 0x18, 0x88, 0x60, 0x10, 0x82, 0xc1, 0xff, 0xf9, 0x1f,
  0x09, 0x06, 0x24, 0x18, 0xe8, 0x62, 0xa0, 0x8b, 0x81, 0x1c, 0x06, 0x23,
  0x18, 0x8c, 0x26, 0x04, 0xc0, 0x68, 0x82, 0x10, 0x8c, 0x26, 0x0c, 0xc2,
  0x88, 0xc1, 0x01, 0x80, 0x20, 0x18, 0x60, 0xe1, 0x18, 0xf0, 0x61, 0x40,
  0x82, 0xc1, 0x2e, 0x06, 0xa3, 0x09, 0x41, 0x30, 0x1c, 0x11, 0xa4, 0x60,
  0xa0, 0x7c, 0x23, 0x06, 0x07, 0x00, 0x82, 0x60, 0xf0, 0xa0, 0x63, 0xc0,
  0x87, 0x81, 0xa1, 0x82, 0xc1, 0x88, 0xc1, 0x01, 0x80, 0x20, 0x18, 0x3c,
  0xe9, 0x18, 0xf4, 0x61, 0x60, 0xac, 0x60, 0x30, 0x62, 0x70, 0x00, 0x20,
  0x08, 0x06, 0x8f, 0x3a, 0x06, 0x7e, 0x18, 0x18, 0x2c, 0x18, 0xcc, 0x32,
  0xa0, 0xc3, 0x39, 0x10, 0x36, 0xe4, 0x60, 0x20, 0x1f, 0x1b, 0x74, 0x30,
  0x90, 0x8f, 0x0d, 0x3b, 0x18, 0xc8, 0x67, 0xc4, 0xe0, 0x00, 0x40, 0x10,
  0x0c, 0x1e, 0x77, 0x0c, 0x44, 0x31, 0x30, 0x60, 0x30, 0x18, 0x31, 0x38,
  0x00, 0x10, 0x04, 0x83, 0xe7, 0x1d, 0x83, 0x51, 0x0c, 0x8c, 0x18, 0x0c,
  0x46, 0x0c, 0x0e, 0x00, 0x04, 0xc1, 0xe0, 0x81, 0xc7, 0x80, 0x14, 0x03,
  0x43, 0x06, 0x83, 0x11, 0x03, 0x03, 0x00, 0x41, 0x30, 0x88, 0xe0, 0x31,
  0x30, 0xc5, 0x60, 0x18, 0x31, 0x30, 0x00, 0x10, 0x04, 0x83, 0x28, 0x1e,
  0x83, 0x53, 0x0c, 0x86, 0x11, 0x03, 0x03, 0x00, 0x41, 0x30, 0x88, 0xe4,
  0x31, 0x40, 0xc5, 0x60, 0xb0, 0x61, 0x0c, 0x03, 0xf9, 0xd8, 0x40, 0x86,
  0x81, 0x7c, 0x6c, 0x28, 0xc3, 0x40, 0x3e, 0x23, 0x06, 0x06, 0x00, 0x82,
  0x60, 0x10, 0xd9, 0x63, 0xd0, 0x8a, 0xc1, 0x30, 0x62, 0x60, 0x00, 0x20,
  0x08, 0x06, 0xd1, 0x3d, 0x06, 0xae, 0x18, 0x0c, 0x23, 0x06, 0x06, 0x00,
  0x82, 0x60, 0x10, 0xe1, 0x63, 0xf0, 0x8a, 0xc1, 0x60, 0x83, 0x1a, 0x06,
  0xf2, 0xb1, 0x61, 0x0d, 0x03, 0xf9, 0xd8, 0xc0, 0x86, 0x81, 0x7c, 0x6c,
  0x70, 0xc3, 0x00, 0x3e, 0x36, 0xbc, 0x61, 0x00, 0x1f, 0x1b, 0xe0, 0x30,
  0x80, 0xcf, 0x70, 0x04, 0x26, 0x87, 0x41, 0xf1, 0x0d, 0x47, 0x60, 0x73,
  0x18, 0x14, 0xdf, 0x70, 0x04, 0x46, 0x87, 0x41, 0xf1, 0xdd, 0x30, 0xd4,
  0x0d, 0x43, 0xdd, 0x30, 0x94, 0x6d, 0x49, 0x7c, 0x6c, 0x4b, 0xe2, 0x63,
  0x5b, 0x12, 0x1f, 0x1b, 0x0c, 0xf9, 0xd8, 0x60, 0xc8, 0xc7, 0x06, 0x43,
  0x3e, 0x36, 0x3c, 0xf0, 0xb1, 0xe1, 0x81, 0x8f, 0x0d, 0x0f, 0x7c, 0x66,
  0x09, 0xd2, 0x61, 0xc4, 0xe0, 0x00, 0x40, 0x10, 0x0c, 0x9e, 0x97, 0x0c,
  0xc6, 0x31, 0x48, 0x83, 0x51, 0x0c, 0x8c, 0x0e, 0x83, 0x80, 0x3e, 0x23,
  0x06, 0x06, 0x00, 0x82, 0x60, 0x10, 0xc1, 0x64, 0x60, 0x8e, 0x41, 0x1a,
  0x8c, 0x18, 0x18, 0x00, 0x08, 0x82, 0x41, 0x14, 0x93, 0xc1, 0x39, 0x06,
  0x69, 0x30, 0x62, 0x60, 0x00, 0x20, 0x08, 0x06, 0x91, 0x4c, 0x06, 0xe8,
  0x18, 0xa4, 0x81, 0x0d, 0x84, 0x7c, 0x6c, 0x28, 0xe4, 0x63, 0x83, 0x21,
  0x9f, 0x11, 0x03, 0x03, 0x00, 0x41, 0x30, 0x88, 0x6c, 0x32, 0x68, 0xc7,
  0x60, 0x18, 0x31, 0x30, 0x00, 0x10, 0x04, 0x83, 0xe8, 0x26, 0x03, 0x77,
  0x0c, 0x86, 0x11, 0x03, 0x03, 0x00, 0x41, 0x30, 0x88, 0x70, 0x32, 0x78,
  0xc7, 0x60, 0x98, 0x25, 0x48, 0x87, 0x81, 0x8a, 0x81, 0x3b, 0x07, 0x03,
  0x1d, 0x06, 0x2a, 0x06, 0xee, 0x1c, 0x0c, 0x74, 0x18, 0xa8, 0x18, 0xb8,
  0x73, 0x30, 0xd0, 0x61, 0x34, 0x01, 0x0f, 0x80, 0x11, 0x83, 0x03, 0x00,
  0x41, 0x30, 0x78, 0x7c, 0x32, 0x90, 0xc7, 0x20, 0x90, 0xc5, 0xc0, 0x46,
  0x31, 0x08, 0xe8, 0x33, 0x62, 0x60, 0x00, 0x20, 0x08, 0x06, 0xd1, 0x4f,
  0x06, 0xf8, 0x18, 0x18, 0x23, 0x06, 0x06, 0x00, 0x82, 0x60, 0x10, 0x81,
  0x65, 0x90, 0x8f, 0x81, 0x31, 0x62, 0x60, 0x00, 0x20, 0x08, 0x06, 0x51,
  0x58, 0x06, 0xfa, 0x18, 0x18, 0x23, 0x06, 0x06, 0x00, 0x82, 0x60, 0x10,
  0x89, 0x65, 0x80, 0x8f, 0xc1, 0x30, 0x62, 0x60, 0x00, 0x20, 0x08, 0x06,
  0xd1, 0x58, 0x06, 0xf9, 0x18, 0x0c, 0x23, 0x06, 0x06, 0x00, 0x82, 0x60,
  0x10, 0x91, 0x65, 0xa0, 0x8f, 0xc1, 0x60, 0xc3, 0x21, 0x1f, 0x1b, 0x10,
  0xf9, 0xd8, 0x90, 0xc8, 0x67, 0xc4, 0xc0, 0x00, 0x40, 0x10, 0x0c, 0x22,
  0xb4, 0x0c, 0xfe, 0x31, 0x18, 0x46, 0x0c, 0x0c, 0x00, 0x04, 0xc1, 0x20,
  0x4a, 0xcb, 0x00, 0x24, 0x83, 0x61, 0xc4, 0xc0, 0x00, 0x40, 0x10, 0x0c,
  0x22, 0xb5, 0x0c, 0x42, 0x32, 0x18, 0x46, 0x13, 0x4e, 0x41, 0x18, 0x8e,
  0x08, 0x5e, 0x31, 0x10, 0xbe, 0x59, 0x06, 0x75, 0x68, 0x87, 0x60, 0xc4,
  0xe0, 0x00, 0x40, 0x10, 0x0c, 0x30, 0xb5, 0x0c, 0x4a, 0x32, 0x68, 0xc5,
  0x20, 0x24, 0x83, 0xd1, 0x84, 0x20, 0x18, 0x31, 0x38, 0x00, 0x10, 0x04,
  0x03, 0x8c, 0x2d, 0x83, 0x93, 0x0c, 0x5e, 0x31, 0x38, 0xcb, 0x60, 0x34,
  0x21, 0x18, 0x46, 0x0c, 0x0e, 0x00, 0x04, 0xc1, 0xe0, 0x91, 0xcb, 0xc0,
  0x24, 0x83, 0xc0, 0x16, 0x03, 0x23, 0x02, 0xfa, 0x0c, 0x47, 0x04, 0xe0,
  0x18, 0x28, 0xdf, 0x2c, 0x03, 0x3b, 0xac, 0x43, 0x30, 0x9a, 0x70, 0x0c,
  0x23, 0x06, 0x07, 0x00, 0x82, 0x60, 0x80, 0xc9, 0x65, 0xd0, 0x92, 0x41,
  0x2d, 0x06, 0x6f, 0x19, 0x8c, 0x26, 0x04, 0x83, 0x05, 0xb5, 0x18, 0xc8,
  0xc7, 0x02, 0x02, 0x3e, 0x16, 0x1c, 0xf2, 0xb1, 0x40, 0x1f, 0x03, 0xf8,
  0x8c, 0x18, 0x18, 0x00, 0x08, 0x82, 0x41, 0xb4, 0x97, 0x01, 0x4e, 0x06,
  0x81, 0x05, 0xfb, 0x18, 0xc8, 0x67, 0xc4, 0xc0, 0x00, 0x40, 0x10, 0x0c,
  0xa2, 0xbe, 0x0c, 0x7c, 0x32, 0x08, 0x2c, 0x58, 0xc7, 0x40, 0x3e, 0xc6,
  0x8e, 0x41, 0x10, 0x9f, 0x59, 0x02, 0x76, 0x18, 0xa8, 0x18, 0x84, 0x75,
  0xd0, 0x4d, 0x41, 0x1d, 0x46, 0x0c, 0x0c, 0x00, 0x04, 0xc1, 0x20, 0x0a,
  0xcd, 0x40, 0x27, 0x03, 0x6b, 0xc4, 0xc0, 0x00, 0x40, 0x10, 0x0c, 0x22,
  0xd1, 0x0c, 0x70, 0x32, 0x08, 0x2c, 0x08, 0xc9, 0x40, 0x3e, 0x23, 0x06,
  0x06, 0x00, 0x82, 0x60, 0x10, 0x91, 0x66, 0xb0, 0x93, 0x41, 0x60, 0xea,
  0x18, 0x04, 0xf1, 0xb1, 0xc0, 0x90, 0x8f, 0x05, 0x03, 0x7c, 0x46, 0x0c,
  0x0c, 0x00, 0x04, 0xc1, 0x20, 0x42, 0xcd, 0xc0, 0x27, 0x83, 0xc0, 0x02,
  0x93, 0x0c, 0xe4, 0x33, 0x62, 0x60, 0x00, 0x20, 0x08, 0x06, 0x91, 0x6a,
  0x06, 0x61, 0x19, 0x04, 0x16, 0x8c, 0x81, 0x7c, 0x4c, 0x18, 0x03, 0xf9,
  0xd8, 0x30, 0x06, 0xf2, 0x99, 0x25, 0x68, 0x87, 0x81, 0x8a, 0xc1, 0x60,
  0x07, 0x56, 0x48, 0x87, 0x81, 0x8a, 0xc1, 0x60, 0x07, 0x56, 0x48, 0x87,
  0x81, 0x8a, 0xc1, 0x60, 0x07, 0x56, 0x48, 0x87, 0xd1, 0x84, 0x76, 0x18,
  0x86, 0x23, 0x82, 0x7a, 0x0c, 0x84, 0x6f, 0x96, 0xc1, 0x1d, 0xde, 0x21,
  0x30, 0x79, 0x0c, 0x42, 0x32, 0x80, 0x8f, 0xc9, 0x63, 0x20, 0x92, 0x01,
  0x7c, 0x46, 0x0c, 0x12, 0x00, 0x04, 0xc1, 0xa0, 0x9a, 0xcd, 0xe0, 0x2e,
  0x03, 0x21, 0x10, 0x02, 0x2b, 0xc0, 0x32, 0x90, 0x8f, 0x05, 0x82, 0x7c,
  0xac, 0x1f, 0x83, 0x20, 0x3e, 0x23, 0x06, 0x06, 0x00, 0x82, 0x60, 0x10,
  0xe5, 0x66, 0x20, 0x97, 0x41, 0x60, 0x01, 0x23, 0x1f, 0x13, 0x18, 0xf9,
  0xd8, 0xc0, 0xc8, 0x67, 0x96, 0xe0, 0x1d, 0x06, 0x2a, 0x06, 0xc3, 0x1d,
  0xbc, 0x76, 0x18, 0xa8, 0x18, 0x0c, 0x77, 0xf0, 0xda, 0x61, 0xa0, 0x62,
  0x30, 0xdc, 0xc1, 0x6b, 0x07, 0x1b, 0xfa, 0x31, 0x90, 0x8f, 0x0d, 0xfd,
  0x18, 0xc8, 0xc7, 0x86, 0x7e, 0x0c, 0xe4, 0x33, 0x62, 0x90, 0x00, 0x20,
  0x08, 0x06, 0x88, 0x79, 0x06, 0x77, 0x19, 0xf4, 0x66, 0xd0, 0x9b, 0x41,
  0x6d, 0x06, 0xc3, 0x88, 0x41, 0x02, 0x80, 0x20, 0x18, 0x20, 0xe6, 0x19,
  0xdc, 0x65, 0xd0, 0x9b, 0x41, 0x6f, 0x06, 0xac, 0x19, 0x08, 0x23, 0x06,
  0x09, 0x00, 0x82, 0x60, 0x80, 0x98, 0x67, 0x70, 0x97, 0x41, 0x6f, 0x06,
  0xbd, 0x19, 0xd0, 0x66, 0x10, 0x8c, 0x18, 0x24, 0x00, 0x08, 0x82, 0x01,
  0x62, 0x9e, 0xc1, 0x5d, 0x06, 0xbd, 0x19, 0xf4, 0x66, 0xb0, 0x9a, 0x41,
  0x3f, 0x06, 0xb3, 0x04, 0x72, 0x32, 0x62, 0x70, 0x00, 0x20, 0x08, 0x06,
  0x18, 0x78, 0x06, 0x7b, 0x19, 0x8c, 0x64, 0x90, 0x9b, 0xc1, 0x68, 0x42,
  0x20, 0x0c, 0x47, 0x04, 0x28, 0x19, 0x08, 0xdf, 0x2c, 0x43, 0x3c, 0xd0,
  0x43, 0x60, 0x25, 0x19, 0xd0, 0x64, 0x00, 0x1f, 0x2b, 0xc9, 0xa0, 0x26,
  0x03, 0xf8, 0x8c, 0x26, 0x14, 0xc0, 0x68, 0x82, 0x11, 0x98, 0x40, 0xc8,
  0xc7, 0x04, 0x42, 0x3e, 0x23, 0x06, 0x09, 0x00, 0x82, 0x60, 0x50, 0xa9,
  0x67, 0xe0, 0x9a, 0x81, 0x10, 0x08, 0x81, 0x25, 0x41, 0x7c, 0x46, 0x0c,
  0x0e, 0x00, 0x04, 0xc1, 0xe0, 0x79, 0xcf, 0x60, 0x34, 0x03, 0xb5, 0x0c,
  0x82, 0x11, 0x03, 0x03, 0x00, 0x41, 0x30, 0x88, 0xde, 0x33, 0xb0, 0xcd,
  0x20, 0x30, 0x25, 0xa0, 0x8f, 0x29, 0x02, 0x7d, 0x4c, 0xf8, 0xc9, 0x00,
  0x3e, 0x26, 0x80, 0x65, 0x00, 0x9f, 0xe1, 0x08, 0xe1, 0x26, 0x03, 0xe2,
  0x1b, 0x8e, 0x10, 0x70, 0x32, 0x20, 0xbe, 0x12, 0x82, 0x9d, 0x65, 0x98,
  0x07, 0x79, 0x08, 0x86, 0x23, 0x0a, 0x9e, 0x0c, 0x84, 0x6f, 0x38, 0xa2,
  0xe8, 0xc9, 0x40, 0xf8, 0x4a, 0x08, 0x76, 0x96, 0x61, 0x1e, 0xe8, 0x21,
  0x18, 0x31, 0x48, 0x00, 0x10, 0x04, 0x03, 0xa4, 0x3f, 0x03, 0xd7, 0x0c,
  0xe8, 0x33, 0xa0, 0xcf, 0x80, 0x3d, 0x83, 0x9e, 0x0c, 0x46, 0x0c, 0x12,
  0x00, 0x04, 0xc1, 0x00, 0xe9, 0xcf, 0xc0, 0x35, 0x03, 0xfa, 0x0c, 0xe8,
  0x33, 0x18, 0xcf, 0xa0, 0x27, 0x83, 0x11, 0x83, 0x04, 0x00, 0x41, 0x30,
  0x40, 0xfa, 0x33, 0x70, 0xcd, 0x80, 0x3e, 0x03, 0xfa, 0x0c, 0xd6, 0x33,
  0xe8, 0xc9, 0x60, 0xc4, 0x20, 0x01, 0x40, 0x10, 0x0c, 0x90, 0xfe, 0x0c,
  0x5c, 0x33, 0xa0, 0xcf, 0x80, 0x3e, 0x03, 0xf1, 0x0c, 0x68, 0x32, 0x98,
  0x25, 0x90, 0x93, 0x81, 0x8a, 0x01, 0x92, 0x07, 0x39, 0x15, 0xe0, 0x61,
  0xa0, 0x62, 0x80, 0xe4, 0x41, 0x4e, 0x05, 0x78, 0x18, 0x31, 0x38, 0x00,
  0x10, 0x04, 0x03, 0x2c, 0x3f, 0x03, 0xda, 0x0c, 0x78, 0x32, 0xb8, 0xcf,
  0x60, 0x34, 0x21, 0x00, 0x86, 0x23, 0x02, 0xb2, 0x0c, 0x82, 0x6f, 0x96,
  0xa1, 0x1e, 0x4c, 0x23, 0x18, 0x31, 0x38, 0x00, 0x10, 0x04, 0x03, 0x8c,
  0x3f, 0x83, 0xdb, 0x0c, 0x7e, 0x32, 0xc8, 0xcf, 0x60, 0x34, 0x21, 0x00,
  0x46, 0x13, 0x84, 0xc0, 0x04, 0x44, 0x3e, 0x26, 0x20, 0xf2, 0x31, 0x41,
  0x2e, 0x03, 0xf8, 0x98, 0x30, 0x97, 0x01, 0x7c, 0x46, 0x0c, 0x0c, 0x00,
  0x04, 0xc1, 0x20, 0x32, 0xd1, 0x00, 0x3c, 0x03, 0x61, 0xc4, 0xc0, 0x00,
  0x40, 0x10, 0x0c, 0xa2, 0x13, 0x0d, 0xc2, 0x33, 0x10, 0x8c, 0x10, 0xe2,
  0x63, 0x84, 0x10, 0x1f, 0xbb, 0xcd, 0x20, 0x88, 0xcf, 0x88, 0x81, 0x01,
  0x80, 0x20, 0x18, 0x44, 0x2b, 0x1a, 0x8c, 0x68, 0x10, 0x0c, 0x47, 0x04,
  0x71, 0x19, 0x28, 0xdf, 0x2c, 0x83, 0x3d, 0xe0, 0x43, 0x30, 0x1c, 0x21,
  0xcc, 0x65, 0x40, 0x7c, 0xb3, 0x0c, 0xf7, 0x90, 0x0f, 0x81, 0x0d, 0x75,
  0x19, 0xc8, 0xc7, 0xee, 0x32, 0x08, 0xe2, 0x63, 0x41, 0x21, 0x1f, 0x0b,
  0xf4, 0x32, 0x80, 0x8f, 0x05, 0x87, 0x7c, 0x2c, 0xe8, 0xcb, 0x00, 0x3e,
  0xb3, 0x04, 0xf9, 0x60, 0xc9, 0x5f, 0x06, 0xf2, 0xb1, 0x20, 0x34, 0x03,
  0xf8, 0xd8, 0xb2, 0xc8, 0xc7, 0x02, 0x41, 0x3e, 0x16, 0xf4, 0x65, 0x00,
  0x9f, 0x59, 0x82, 0x7c, 0x18, 0xe8, 0x18, 0x04, 0x7c, 0x60, 0xee, 0x01,
  0x5f, 0x05, 0x7b, 0xb0, 0xf3, 0x0c, 0xa4, 0xf8, 0x8c, 0x18, 0x18, 0x00,
  0x08, 0x82, 0x41, 0xb4, 0xa3, 0xc1, 0x8c, 0x06, 0xc1, 0x70, 0x44, 0x10,
  0x9a, 0x81, 0xf2, 0xcd, 0x32, 0xe8, 0x03, 0x3f, 0x04, 0xc3, 0x11, 0xc2,
  0x68, 0x06, 0xc4, 0x37, 0xcb, 0xb0, 0x0f, 0xfd, 0x10, 0xd8, 0x50, 0x9a,
  0x81, 0x7c, 0xec, 0x34, 0x83, 0x20, 0x3e, 0x16, 0x14, 0xf2, 0xb1, 0x40,
  0x35, 0x03, 0xf8, 0x58, 0x70, 0xc8, 0xc7, 0x82, 0xd6, 0x0c, 0xe0, 0x33,
  0x4b, 0xd0, 0x0f, 0x96, 0xbc, 0x66, 0x20, 0x1f, 0x0b, 0x62, 0x33, 0x80,
  0x8f, 0x2d, 0x8b, 0x7c, 0x2c, 0x10, 0xe4, 0x63, 0x41, 0x6b, 0x06, 0xf0,
  0x99, 0x25, 0xe8, 0x87, 0x81, 0x8e, 0x41, 0xe0, 0x07, 0x66, 0x1f, 0x70,
  0x56, 0xd0, 0x07, 0x0b, 0x22, 0xf9, 0x58, 0x19, 0xe4, 0x66, 0x00, 0x1f,
  0x2b, 0x03, 0xdd, 0x0c, 0xe0, 0x63, 0x42, 0x1b, 0xd0, 0xc7, 0x84, 0x36,
  0xa0, 0xcf, 0x88, 0xc1, 0x03, 0x80, 0x20, 0x18, 0x34, 0x71, 0x1a, 0x88,
  0x68, 0x10, 0x9b, 0x01, 0x6c, 0x06, 0x42, 0x30, 0x9b, 0xc1, 0x6c, 0x06,
  0x69, 0x1a, 0xa4, 0x69, 0x10, 0xa2, 0x81, 0x6c, 0x06, 0xa3, 0x09, 0x01,
  0x30, 0x9a, 0x20, 0x04, 0xa3, 0x09, 0x83, 0x60, 0x43, 0x22, 0x1f, 0x1b,
  0x14, 0xf9, 0xd8, 0xb0, 0xc8, 0xc7, 0xd4, 0x33, 0x70, 0x83, 0xf8, 0x8c,
  0x18, 0x18, 0x00, 0x08, 0x82, 0x41, 0x74, 0xa7, 0xc1, 0x9b, 0x06, 0xc1,
  0x70, 0x44, 0xd0, 0x9b, 0x81, 0xf2, 0xcd, 0x32, 0xf8, 0x03, 0x48, 0x04,
  0xc3, 0x11, 0xc2, 0x6f, 0x06, 0xc4, 0x37, 0xcb, 0xf0, 0x0f, 0x21, 0x11,
  0xd8, 0x10, 0x9e, 0x81, 0x7c, 0x6c, 0x3c, 0x83, 0x20, 0x3e, 0x16, 0x14,
  0xf2, 0xb1, 0xc0, 0x3c, 0x03, 0xf8, 0x58, 0x70, 0xc8, 0xc7, 0x82, 0xf4,
  0x0c, 0xe0, 0x33, 0x4b, 0x10, 0x12, 0x96, 0xac, 0x67, 0x20, 0x1f, 0x0b,
  0xda, 0x33, 0x80, 0x8f, 0x2d, 0x8b, 0x7c, 0x2c, 0x10, 0xe4, 0x63, 0x41,
  0x7a, 0x06, 0xf0, 0x99, 0x25, 0x08, 0x89, 0x81, 0x8e, 0x41, 0x00, 0x09,
  0xe6, 0x1f, 0x60, 0x57, 0xf0, 0x07, 0x0b, 0xda, 0x40, 0x3e, 0x16, 0x0a,
  0xf4, 0x19, 0xc0, 0xc7, 0x02, 0x54, 0xa0, 0xcf, 0x88, 0xc1, 0x03, 0x80,
  0x20, 0x18, 0x34, 0xab, 0x1a, 0xf0, 0x68, 0xb0, 0x9e, 0x81, 0x7a, 0x06,
  0xc1, 0xd6, 0x9e, 0x41, 0x7b, 0x06, 0xa3, 0x1a, 0x8c, 0x6a, 0xb0, 0xa3,
  0x01, 0x7b, 0x06, 0xa3, 0x09, 0x01, 0x30, 0x9a, 0x20, 0x04, 0xa3, 0x09,
  0x83, 0x60, 0xc3, 0x21, 0x1f, 0x1b, 0x10, 0xf9, 0xd8, 0x90, 0xc8, 0xc7,
  0x86, 0x0e, 0x3e, 0x36, 0x74, 0xf0, 0xb1, 0xa1, 0x83, 0x8f, 0x39, 0x6a,
  0x00, 0x1f, 0xcb, 0xcf, 0x80, 0x15, 0xe2, 0x33, 0x62, 0x60, 0x00, 0x20,
  0x08, 0x06, 0x51, 0xad, 0x06, 0xad, 0x1a, 0x04, 0xc3, 0x11, 0xc1, 0x7e,
  0x06, 0xca, 0x37, 0xcb, 0x20, 0x12, 0x24, 0x11, 0x0c, 0x47, 0x08, 0xfd,
  0x19, 0x10, 0xdf, 0x2c, 0xc3, 0x48, 0x94, 0x44, 0x60, 0xc3, 0x7f, 0x06,
  0xf2, 0xb1, 0x10, 0x0d, 0x82, 0xf8, 0x58, 0x50, 0xc8, 0xc7, 0x02, 0x12,
  0x0d, 0xe0, 0x63, 0xc1, 0x21, 0x1f, 0x0b, 0x4e, 0x34, 0x80, 0xcf, 0x2c,
  0x41, 0x49, 0x58, 0x92, 0xa2, 0x81, 0x7c, 0x2c, 0x58, 0xd1, 0x00, 0x3e,
  0xb6, 0x2c, 0xf2, 0xb1, 0x40, 0x90, 0x8f, 0x05, 0x27, 0x1a, 0xc0, 0x67,
  0x96, 0xa0, 0x24, 0x06, 0x3a, 0x06, 0x81, 0x24, 0x98, 0x91, 0x60, 0x61,
  0x41, 0x24, 0x2c, 0x58, 0x05, 0xf9, 0xd8, 0x2f, 0xc4, 0x69, 0x00, 0x1f,
  0x0b, 0xcc, 0x81, 0x3e, 0x23, 0x06, 0x0f, 0x00, 0x82, 0x60, 0xd0, 0xa4,
  0x6b, 0xa0, 0xa7, 0x41, 0x8a, 0x06, 0x28, 0x1a, 0x04, 0x79, 0xb0, 0xa2,
  0xc1, 0x8a, 0x06, 0xe1, 0x1a, 0x84, 0x6b, 0x90, 0xa7, 0x81, 0x8a, 0x06,
  0xa3, 0x09, 0x01, 0x30, 0x9a, 0x20, 0x04, 0xa3, 0x09, 0x83, 0x60, 0xc3,
  0x21, 0x1f, 0x1b, 0x10, 0xf9, 0xd8, 0x90, 0xc8, 0xc7, 0xbc, 0x01, 0x3e,
  0xe6, 0x0d, 0xf0, 0x31, 0x6f, 0x80, 0x8f, 0x79, 0x0e, 0x7c, 0x0c, 0x47,
  0x03, 0x75, 0x88, 0xcf, 0x88, 0x81, 0x01, 0x80, 0x20, 0x18, 0x44, 0xf3,
  0x1a, 0xac, 0x6b, 0x10, 0x0c, 0x47, 0x04, 0x39, 0x1a, 0x28, 0xdf, 0x2c,
  0x83, 0x49, 0xa0, 0x44, 0x30, 0x1c, 0x21, 0xec, 0x68, 0x40, 0x7c, 0xb3,
  0x0c, 0x27, 0x91, 0x12, 0x81, 0x0d, 0x3d, 0x1a, 0xc8, 0xc7, 0x7e, 0x34,
  0x08, 0xe2, 0x63, 0x41, 0x21, 0x1f, 0x0b, 0xc4, 0x34, 0x80, 0x8f, 0x05,
  0x87, 0x7c, 0x2c, 0x28, 0xd3, 0x00, 0x3e, 0xb3, 0x04, 0x29, 0x61, 0xc9,
  0x99, 0x06, 0xf2, 0xb1, 0x20, 0x4d, 0x03, 0xf8, 0xd8, 0xb2, 0xc8, 0xc7,
  0x02, 0x41, 0x3e, 0x16, 0x94, 0x69, 0x00, 0x9f, 0x59, 0x82, 0x94, 0x18,
  0xe8, 0x18, 0x04, 0x94, 0x60, 0x4e, 0x02, 0x95, 0x05, 0x93, 0xb0, 0x20,
  0x1d, 0xe4, 0x63, 0xfd, 0xe0, 0xaa, 0x01, 0x7c, 0x2c, 0x20, 0x09, 0xfa,
  0x8c, 0x18, 0x3c, 0x00, 0x08, 0x82, 0x41, 0x73, 0xb2, 0x01, 0xae, 0x06,
  0x67, 0x1a, 0x98, 0x69, 0x10, 0xdc, 0x42, 0x9a, 0x06, 0x69, 0x1a, 0xfc,
  0x6b, 0xf0, 0xaf, 0xc1, 0xad, 0x06, 0x68, 0x1a, 0x8c, 0x26, 0x04, 0xc0,
  0x68, 0x82, 0x10, 0x8c, 0x26, 0x0c, 0x82, 0x0d, 0x87, 0x7c, 0x6c, 0x40,
  0xe4, 0x63, 0x43, 0x22, 0x1f, 0xf3, 0x06, 0xf8, 0x98, 0x37, 0xc0, 0xc7,
  0xbc, 0x01, 0x3e, 0xe6, 0x39, 0xf0, 0xb1, 0xe0, 0x1e, 0xe4, 0x63, 0xa5,
  0x1a, 0xa0, 0x44, 0x7c, 0x46, 0x0c, 0x0c, 0x00, 0x04, 0xc1, 0x20, 0x92,
  0xd9, 0x40, 0x65, 0x83, 0x60, 0x38, 0x22, 0xc0, 0xd3, 0x40, 0xf9, 0x66,
  0x19, 0x54, 0x82, 0x25, 0x82, 0xe1, 0x08, 0x41, 0x4f, 0x03, 0xe2, 0x9b,
  0x65, 0x58, 0x89, 0x96, 0x08, 0x6c, 0xe0, 0xd3, 0x40, 0x3e, 0xe6, 0xa7,
  0x41, 0x10, 0x1f, 0x0b, 0x0a, 0xf9, 0x58, 0x10, 0xaa, 0x01, 0x7c, 0x2c,
  0x38, 0xe4, 0x63, 0x01, 0xa9, 0x06, 0xf0, 0x99, 0x25, 0x68, 0x09, 0x4b,
  0x4c, 0x35, 0x90, 0x8f, 0x05, 0xa8, 0x1a, 0xc0, 0xc7, 0x96, 0x45, 0x3e,
  0x16, 0x08, 0xf2, 0xb1, 0x80, 0x54, 0x03, 0xf8, 0xcc, 0x12, 0xb4, 0xc4,
  0x40, 0xc7, 0x20, 0xb0, 0x04, 0xb3, 0x12, 0x26, 0x2d, 0xa8, 0xc4, 0x2c,
  0x83, 0x4b, 0xc0, 0x44, 0x49, 0x0c, 0x47, 0x98, 0xc4, 0xa9, 0x06, 0xc4,
  0x37, 0xcb, 0xf0, 0x12, 0x31, 0x11, 0xd8, 0x49, 0xa4, 0x6a, 0x20, 0x1f,
  0x5b, 0xd5, 0x20, 0x88, 0x8f, 0x05, 0x29, 0x21, 0x1f, 0x0b, 0x5c, 0x35,
  0x80, 0x8f, 0x05, 0x2b, 0x21, 0x1f, 0x0b, 0x62, 0x35, 0x80, 0xcf, 0x2c,
  0x41, 0x4c, 0x58, 0x4b, 0xcc, 0x6a, 0x20, 0x1f, 0x0b, 0x6a, 0x35, 0x80,
  0x8f, 0xbd, 0xc4, 0x4b, 0xc8, 0xc7, 0x02, 0x41, 0x3e, 0x16, 0xc4, 0x6a,
  0x00, 0x9f, 0x59, 0x82, 0x98, 0x18, 0xe8, 0x18, 0x04, 0x98, 0x60, 0x5e,
  0x02, 0xac, 0x05, 0x97, 0xb0, 0xc0, 0x91, 0x8f, 0xa1, 0x05, 0xaf, 0x06,
  0xf0, 0xb1, 0xe0, 0x2d, 0xe8, 0x33, 0x62, 0xf0, 0x00, 0x20, 0x08, 0x06,
  0xcd, 0xdc, 0x06, 0x24, 0x1b, 0xcc, 0x6a, 0x20, 0xab, 0x01, 0x49, 0x04,
  0xb5, 0x1a, 0xd4, 0x6a, 0xb0, 0xb6, 0xc1, 0xda, 0x06, 0x23, 0x1b, 0xd0,
  0x6a, 0x30, 0x9a, 0x10, 0x00, 0xa3, 0x09, 0x42, 0x30, 0x9a, 0x30, 0x08,
  0x36, 0x1c, 0xf2, 0xb1, 0x01, 0x91, 0x8f, 0x0d, 0x89, 0x7c, 0x8c, 0x0d,
  0x06, 0xf8, 0x18, 0x1b, 0x0c, 0xf0, 0x31, 0x36, 0x18, 0xe0, 0x63, 0xcd,
  0x1a, 0xc0, 0x67, 0x96, 0x41, 0x26, 0x68, 0x82, 0x24, 0x86, 0x23, 0x4a,
  0x42, 0x5c, 0x03, 0xe2, 0x9b, 0x65, 0x98, 0x89, 0x9a, 0x08, 0xcc, 0x24,
  0xc8, 0x35, 0x90, 0x8f, 0x99, 0x6b, 0x10, 0xc4, 0xc7, 0x02, 0x94, 0x90,
  0x8f, 0x05, 0xe9, 0x1a, 0xc0, 0xc7, 0x02, 0x95, 0x90, 0x8f, 0x05, 0xec,
  0x1a, 0xc0, 0x67, 0x96, 0xa0, 0x26, 0x8c, 0x25, 0xdc, 0x35, 0x90, 0x8f,
  0x05, 0xf0, 0x1a, 0xc0, 0xc7, 0x5c, 0xc2, 0x25, 0xe4, 0x63, 0x81, 0x20,
  0x1f, 0x0b, 0xd8, 0x35, 0x80, 0xcf, 0x2c, 0x41, 0x4d, 0x0c, 0x74, 0x0c,
  0x02, 0x4d, 0x30, 0x33, 0x61, 0xdb, 0x82, 0x4c, 0x58, 0x90, 0x06, 0xf2,
  0x19, 0x31, 0x78, 0x00, 0x10, 0x04, 0x83, 0x86, 0x75, 0x83, 0x9e, 0x0d,
  0xd8, 0x35, 0x58, 0xd7, 0x40, 0x24, 0x34, 0x77, 0x0d, 0xdc, 0x35, 0x20,
  0xdd, 0x80, 0x74, 0x03, 0x9e, 0x0d, 0xda, 0x35, 0x18, 0x4d, 0x08, 0x80,
  0xd1, 0x04, 0x21, 0x18, 0x4d, 0x18, 0x04, 0x1b, 0x0a, 0xf9, 0xd8, 0x60,
  0xc8, 0xc7, 0x86, 0x43, 0x3e, 0x96, 0x0d, 0xf0, 0xb1, 0x6c, 0x80, 0x8f,
  0x65, 0x03, 0x7c, 0x2c, 0x5b, 0xe0, 0x33, 0xcb, 0x60, 0x13, 0x38, 0xf1,
  0x0f, 0xc3, 0x11, 0x20, 0xb1, 0xaf, 0x01, 0xf1, 0xcd, 0x32, 0xdc, 0x44,
  0x4e, 0x04, 0x16, 0x12, 0xfd, 0x1a, 0xc8, 0xc7, 0xfe, 0x35, 0x08, 0xe2,
  0x63, 0xc1, 0x48, 0xc8, 0xc7, 0x02, 0x91, 0x0d, 0xe0, 0x63, 0x41, 0x49,
  0xc8, 0xc7, 0x82, 0x92, 0x0d, 0xe0, 0x33, 0x4b, 0x90, 0x13, 0x76, 0x12,
  0x27, 0x1b, 0xc8, 0xc7, 0x82, 0x94, 0x0d, 0xe0, 0x63, 0x29, 0x91, 0x12,
  0xf2, 0xb1, 0x40, 0x90, 0x8f, 0x05, 0x25, 0x1b, 0xc0, 0x67, 0x96, 0x20,
  0x27, 0x06, 0x3a, 0x06, 0x01, 0x27, 0x98, 0x9b, 0x40, 0x71, 0xc1, 0x26,
  0x2c, 0x10, 0x05, 0xf9, 0x8c, 0x18, 0x3c, 0x00, 0x08, 0x82, 0x41, 0x53,
  0xbe, 0x81, 0xdd, 0x06, 0x25, 0x1b, 0x90, 0x6c, 0xd0, 0x0f, 0x73, 0x70,
  0xb2, 0xc1, 0xc9, 0x06, 0xbd, 0x1b, 0xf4, 0x6e, 0x50, 0xb7, 0x81, 0xc9,
  0x06, 0xa3, 0x09, 0x01, 0x30, 0x9a, 0x20, 0x04, 0xa3, 0x09, 0x83, 0x60,
  0x43, 0x21, 0x1f, 0x1b, 0x0c, 0xf9, 0xd8, 0x70, 0xc8, 0xc7, 0xb2, 0x01,
  0x3e, 0x96, 0x0d, 0xf0, 0xb1, 0x6c, 0x80, 0x8f, 0x65, 0x0b, 0x7c, 0x66,
  0x19, 0x74, 0x82, 0x27, 0xf4, 0x61, 0x38, 0x62, 0x1f, 0x68, 0x36, 0x20,
  0xbe, 0x59, 0x86, 0x9d, 0xe8, 0x89, 0xc0, 0xf8, 0xc1, 0x66, 0x03, 0xf9,
  0x18, 0xce, 0x06, 0x41, 0x7c, 0x2c, 0xf0, 0x07, 0xf9, 0x58, 0xb0, 0xb3,
  0x01, 0x7c, 0x2c, 0x00, 0x09, 0xf9, 0x58, 0xe0, 0xb3, 0x01, 0x7c, 0x66,
  0x09, 0x7a, 0xc2, 0x44, 0x02, 0x6c, 0x03, 0xf9, 0x58, 0x20, 0xb6, 0x01,
  0x7c, 0x8c, 0x24, 0x48, 0x42, 0x3e, 0x16, 0x08, 0xf2, 0xb1, 0xc0, 0x67,
  0x03, 0xf8, 0xcc, 0x12, 0xf4, 0xc4, 0x40, 0xc7, 0x20, 0xf0, 0x04, 0xb3,
  0x13, 0x7a, 0x2e, 0xe8, 0x84, 0x05, 0xbb, 0x20, 0x9f, 0x11, 0x83, 0x07,
  0x00, 0x41, 0x30, 0x68, 0xfc, 0x37, 0x78, 0xdd, 0xc0, 0x67, 0x83, 0x9e,
  0x0d, 0xf0, 0x81, 0x15, 0xc0, 0x36, 0x00, 0xdb, 0xc0, 0x7e, 0x03, 0xfb,
  0x0d, 0x5c, 0x37, 0xf8, 0xd9, 0x60, 0x34, 0x21, 0x00, 0x46, 0x13, 0x84,
  0x60, 0x34, 0x61, 0x10, 0x6c, 0x28, 0xe4, 0x63, 0x83, 0x21, 0x1f, 0x1b,
  0x0e, 0xf9, 0x58, 0x36, 0xc0, 0xc7, 0xb2, 0x01, 0x3e, 0x96, 0x0d, 0xf0,
  0xb1, 0x6c, 0x81, 0x8f, 0xb1, 0x6d, 0xe0, 0x1f, 0xf1, 0x19, 0x31, 0x30,
  0x00, 0x10, 0x04, 0x83, 0x08, 0x85, 0x03, 0x10, 0x0e, 0x82, 0xe1, 0x88,
  0xc0, 0x6d, 0x03, 0xe5, 0x9b, 0x65, 0xf0, 0x09, 0xb0, 0x08, 0x86, 0x23,
  0x04, 0xb8, 0x0d, 0x88, 0x6f, 0x96, 0xe1, 0x27, 0xc2, 0x22, 0xb0, 0x41,
  0x6e, 0x03, 0xf9, 0x18, 0xdd, 0x06, 0x41, 0x7c, 0x2c, 0x28, 0xe4, 0x63,
  0xc1, 0xdd, 0x06, 0xf0, 0xb1, 0xe0, 0x90, 0x8f, 0x05, 0x7a, 0x1b, 0xc0,
  0x67, 0x96, 0x20, 0x2c, 0x2c, 0xe1, 0xdb, 0x40, 0x3e, 0x16, 0xf8, 0x6d,
  0x00, 0x1f, 0x5b, 0x16, 0xf9, 0x58, 0x20, 0xc8, 0xc7, 0x02, 0xbd, 0x0d,
  0xe0, 0x33, 0x4b, 0x10, 0x16, 0x03, 0x1d, 0x83, 0x00, 0x16, 0xcc, 0x4f,
  0xc8, 0xbb, 0xe0, 0x13, 0xb3, 0x0c, 0x62, 0x41, 0x16, 0xfb, 0x31, 0x1c,
  0xc1, 0x1f, 0x7d, 0x1b, 0x10, 0xdf, 0x2c, 0xc3, 0x58, 0x94, 0x45, 0x60,
  0xfd, 0xf1, 0xb7, 0x81, 0x7c, 0x2c, 0x74, 0x83, 0x20, 0x3e, 0x16, 0xfc,
  0x87, 0x7c, 0x2c, 0x20, 0xdd, 0x00, 0x3e, 0x16, 0x84, 0x88, 0x7c, 0x2c,
  0x38, 0xdd, 0x00, 0x3e, 0xb3, 0x04, 0x65, 0x61, 0x23, 0x92, 0xba, 0x81,
  0x7c, 0x2c, 0x58, 0xdd, 0x00, 0x3e, 0x56, 0x22, 0x25, 0x22, 0x1f, 0x0b,
  0x04, 0xf9, 0x58, 0x70, 0xba, 0x01, 0x7c, 0x66, 0x09, 0xca, 0x62, 0xa0,
  0x63, 0x10, 0xc8, 0x82, 0x19, 0x0b, 0x96, 0x17, 0xc4, 0xc2, 0x02, 0x47,
  0x3e, 0xe6, 0x23, 0xf1, 0x1b, 0xc0, 0xc7, 0x82, 0x32, 0xa1, 0xcf, 0x88,
  0xc1, 0x03, 0x80, 0x20, 0x18, 0x34, 0x69, 0x1c, 0xe8, 0x6f, 0x90, 0xba,
  0x01, 0xea, 0x06, 0xfa, 0x11, 0xac, 0x6e, 0xb0, 0xba, 0x41, 0x18, 0x07,
  0x61, 0x1c, 0xe4, 0x6f, 0xa0, 0xba, 0xc1, 0x68, 0x42, 0x00, 0x8c, 0x26,
  0x08, 0xc1, 0x68, 0xc2, 0x20, 0xd8, 0x70, 0xc8, 0xc7, 0x06, 0x44, 0x3e,
  0x36, 0x24, 0xf2, 0xb1, 0x35, 0x18, 0xe0, 0x63, 0x6b, 0x30, 0xc0, 0xc7,
  0xd6, 0x60, 0x80, 0x8f, 0xad, 0x41, 0x03, 0x9f, 0x59, 0x06, 0xb3, 0x40,
  0x0b, 0xfd, 0x18, 0x8e, 0xd8, 0x0f, 0xdc, 0x0d, 0x88, 0x6f, 0x96, 0xe1,
  0x2c, 0xd2, 0x22, 0x30, 0xfe, 0xd0, 0xdd, 0x40, 0x3e, 0xc6, 0xbb, 0x41,
  0x10, 0x1f, 0x0b, 0xfc, 0x43, 0x3e, 0x16, 0xfc, 0x6e, 0x00, 0x1f, 0x0b,
  0x40, 0x44, 0x3e, 0x16, 0x88, 0x6f, 0x00, 0x9f, 0x59, 0x82, 0xb4, 0x30,
  0x11, 0x21, 0xdf, 0x40, 0x3e, 0x16, 0x98, 0x6f, 0x00, 0x1f, 0x23, 0x11,
  0x12, 0x91, 0x8f, 0x05, 0x82, 0x7c, 0x2c, 0x10, 0xdf, 0x00, 0x3e, 0xb3,
  0x04, 0x69, 0x31, 0xd0, 0x31, 0x08, 0x68, 0xc1, 0x9c, 0x85, 0xe8, 0x0b,
  0x66, 0x61, 0x41, 0x1a, 0xc8, 0x67, 0xc4, 0xe0, 0x01, 0x40, 0x10, 0x0c,
  0x1a, 0x51, 0x0e, 0x66, 0x38, 0x10, 0xdf, 0x20, 0x7c, 0x03, 0xfc, 0xd0,
  0xc8, 0x37, 0x20, 0xdf, 0x40, 0x8f, 0x03, 0x3d, 0x0e, 0x64, 0x38, 0x18,
  0xdf, 0x60, 0x34, 0x21, 0x00, 0x46, 0x13, 0x84, 0x60, 0x34, 0x61, 0x10,
  0x6c, 0x28, 0xe4, 0x63, 0x83, 0x21, 0x1f, 0x1b, 0x0e, 0xf9, 0x58, 0x36,
  0xc0, 0xc7, 0xb2, 0x01, 0x3e, 0x96, 0x0d, 0xf0, 0xb1, 0x6c, 0x81, 0xcf,
  0x2c, 0x83, 0x5a, 0xb0, 0x45, 0x7d, 0x0c, 0x47, 0xd8, 0x47, 0xfc, 0x06,
  0xc4, 0x37, 0xcb, 0xb0, 0x16, 0x6d, 0x11, 0xd8, 0x7d, 0xcc, 0x6f, 0x20,
  0x1f, 0xab, 0xdf, 0x20, 0x88, 0x8f, 0x05, 0xf9, 0x21, 0x1f, 0x0b, 0xf0,
  0x37, 0x80, 0x8f, 0x05, 0xfb, 0x21, 0x1f, 0x0b, 0xf6, 0x37, 0x80, 0xcf,
  0x2c, 0x41, 0x5b, 0x58, 0x7f, 0xf4, 0x6f, 0x20, 0x1f, 0x0b, 0xfe, 0x37,
  0x80, 0x8f, 0xfd, 0xc7, 0x7f, 0xc8, 0xc7, 0x02, 0x41, 0x3e, 0x16, 0xec,
  0x6f, 0x00, 0x9f, 0x59, 0x82, 0xb6, 0x18, 0xe8, 0x18, 0x04, 0xb6, 0x60,
  0xd6, 0x82, 0xfe, 0x05, 0xb5, 0xb0, 0x40, 0x14, 0xe4, 0x33, 0x62, 0xf0,
  0x00, 0x20, 0x08, 0x06, 0xcd, 0x2e, 0x07, 0x6c, 0x1c, 0xec, 0x6f, 0xa0,
  0xbf, 0xc1, 0x7c, 0xcc, 0x41, 0xff, 0x06, 0xfd, 0x1b, 0xcc, 0x72, 0x30,
  0xcb, 0xc1, 0x1a, 0x07, 0xfc, 0x1b, 0x8c, 0x26, 0x04, 0xc0, 0x68, 0x82,
  0x10, 0x8c, 0x26, 0x0c, 0x82, 0x0d, 0x85, 0x7c, 0x6c, 0x30, 0xe4, 0x63,
  0xc3, 0x21, 0x1f, 0xcb, 0x06, 0xf8, 0x58, 0x36, 0xc0, 0xc7, 0xb2, 0x01,
  0x3e, 0x96, 0x2d, 0xf0, 0x99, 0x65, 0x70, 0x0b, 0xb8, 0x80, 0x8f, 0xe1,
  0x88, 0xf8, 0x50, 0xe1, 0x80, 0xf8, 0x66, 0x19, 0xde, 0x22, 0x2e, 0x02,
  0x93, 0x0f, 0x16, 0x0e, 0xe4, 0x63, 0x2e, 0x1c, 0x04, 0xf1, 0xb1, 0x80,
  0x3e, 0xe4, 0x63, 0x41, 0x0c, 0x07, 0xf0, 0xb1, 0xc0, 0x3e, 0xe4, 0x63,
  0x01, 0x0d, 0x07, 0xf0, 0x99, 0x25, 0x88, 0x0b, 0xc3, 0x0f, 0x1b, 0x0e,
  0xe4, 0x63, 0x01, 0x0e, 0x07, 0xf0, 0x31, 0xfd, 0xd0, 0x0f, 0xf9, 0x58,
  0x20, 0xc8, 0xc7, 0x02, 0x1a, 0x0e, 0xe0, 0x33, 0x4b, 0x10, 0x17, 0x03,
  0x1d, 0x83, 0x00, 0x17, 0xcc, 0x5b, 0x98, 0xe1, 0xe0, 0x16, 0x16, 0xec,
  0x82, 0x7c, 0x46, 0x0c, 0x1e, 0x00, 0x04, 0xc1, 0xa0, 0xa1, 0xe7, 0xa0,
  0x94, 0x03, 0x1a, 0x0e, 0x66, 0x38, 0x70, 0x0f, 0x56, 0xb0, 0xe1, 0xc0,
  0x86, 0x03, 0x76, 0x0e, 0xd8, 0x39, 0x20, 0xe5, 0xa0, 0x86, 0x83, 0xd1,
  0x84, 0x00, 0x18, 0x4d, 0x10, 0x82, 0xd1, 0x84, 0x41, 0xb0, 0xa1, 0x90,
  0x8f, 0x0d, 0x86, 0x7c, 0x6c, 0x38, 0xe4, 0x63, 0xd9, 0x00, 0x1f, 0xcb,
  0x06, 0xf8, 0x58, 0x36, 0xc0, 0xc7, 0xb2, 0x05, 0x3e, 0x36, 0xc6, 0x01,
  0xbd, 0xc4, 0x67, 0xc4, 0xc0, 0x00, 0x40, 0x10, 0x0c, 0x22, 0x7f, 0x0e,
  0xec, 0x39, 0x08, 0x86, 0x23, 0x02, 0x32, 0x0e, 0x94, 0x6f, 0x96, 0x41,
  0x2e, 0xe8, 0x22, 0x18, 0x8e, 0x10, 0xcc, 0x38, 0x20, 0xbe, 0x59, 0x86,
  0xb9, 0xa8, 0x8b, 0xc0, 0x06, 0x34, 0x0e, 0xe4, 0x63, 0x6a, 0x1c, 0x04,
  0xf1, 0xb1, 0xa0, 0x90, 0x8f, 0x05, 0x6d, 0x1c, 0xc0, 0xc7, 0x82, 0x43,
  0x3e, 0x16, 0xc0, 0x71, 0x00, 0x9f, 0x59, 0x82, 0xba, 0xb0, 0x44, 0x8e,
  0x03, 0xf9, 0x58, 0x40, 0xc7, 0x01, 0x7c, 0x6c, 0x59, 0xe4, 0x63, 0x81,
  0x20, 0x1f, 0x0b, 0xe0, 0x38, 0x80, 0xcf, 0x2c, 0x41, 0x5d, 0x0c, 0x74,
  0x0c, 0x02, 0x5d, 0x30, 0x73, 0xe1, 0x8b, 0x83, 0x5c, 0xcc, 0x32, 0xd8,
  0x05, 0x5e, 0xc4, 0xcb, 0x70, 0x84, 0xbc, 0xcc, 0x71, 0x40, 0x7c, 0xb3,
  0x0c, 0x77, 0x91, 0x17, 0x81, 0xcd, 0x4b, 0x1d, 0x07, 0xf2, 0xb1, 0x3b,
  0x0e, 0x82, 0xf8, 0x58, 0x50, 0x2f, 0xf2, 0xb1, 0x40, 0x8f, 0x03, 0xf8,
  0x58, 0x70, 0x2f, 0xf2, 0xb1, 0xa0, 0x8f, 0x03, 0xf8, 0xcc, 0x12, 0xe4,
  0x85, 0xe5, 0xcb, 0x1f, 0x07, 0xf2, 0xb1, 0x20, 0x94, 0x03, 0xf8, 0xd8,
  0xbe, 0xec, 0x8b, 0x7c, 0x2c, 0x10, 0xe4, 0x63, 0x41, 0x1f, 0x07, 0xf0,
  0x99, 0x25, 0xc8, 0x8b, 0x81, 0x8e, 0x41, 0xc0, 0x0b, 0xe6, 0x2e, 0xf0,
  0x71, 0xb0, 0x0b, 0x0b, 0x1c, 0xf9, 0x18, 0xcd, 0x98, 0x73, 0x00, 0x1f,
  0x0b, 0x76, 0x86, 0x3e, 0x23, 0x06, 0x0f, 0x00, 0x82, 0x60, 0xd0, 0xfc,
  0x74, 0x00, 0xcf, 0xc1, 0x1f, 0x07, 0x7e, 0x1c, 0xc0, 0x4b, 0x10, 0xca,
  0x41, 0x28, 0x07, 0x37, 0x1d, 0xdc, 0x74, 0xf0, 0xce, 0x01, 0x28, 0x07,
  0xa3, 0x09, 0x01, 0x30, 0x9a, 0x20, 0x04, 0xa3, 0x09, 0x83, 0x60, 0xc3,
  0x21, 0x1f, 0x1b, 0x10, 0xf9, 0xd8, 0x90, 0xc8, 0xc7, 0xd6, 0x60, 0x80,
  0x8f, 0xad, 0xc1, 0x00, 0x1f, 0x5b, 0x83, 0x01, 0x3e, 0xb6, 0x06, 0x0d,
  0x7c, 0x66, 0x19, 0xf4, 0x82, 0x2f, 0xe0, 0x65, 0x38, 0x22, 0x5e, 0x5c,
  0x39, 0x20, 0xbe, 0x59, 0x86, 0xbd, 0xe8, 0x8b, 0xc0, 0xe4, 0x05, 0x96,
  0x03, 0xf9, 0x98, 0x2c, 0x07, 0x41, 0x7c, 0x2c, 0xa0, 0x17, 0xf9, 0x58,
  0x50, 0xcb, 0x01, 0x7c, 0x2c, 0xb0, 0x17, 0xf9, 0x58, 0x80, 0xcb, 0x01,
  0x7c, 0x66, 0x09, 0xfa, 0xc2, 0xf0, 0x45, 0x97, 0x03, 0xf9, 0x58, 0xc0,
  0xcb, 0x01, 0x7c, 0x4c, 0x5f, 0xf4, 0x45, 0x3e, 0x16, 0x08, 0xf2, 0xb1,
  0x00, 0x97, 0x03, 0xf8, 0xcc, 0x12, 0xf4, 0xc5, 0x40, 0xc7, 0x20, 0xf0,
  0x05, 0xb3, 0x17, 0x6e, 0x39, 0xe8, 0x85, 0x05, 0x69, 0x20, 0x9f, 0x11,
  0x83, 0x07, 0x00, 0x41, 0x30, 0x68, 0xf0, 0x3a, 0x48, 0xe9, 0x00, 0x97,
  0x83, 0x5b, 0x0e, 0xdc, 0x45, 0xd3, 0xe5, 0x40, 0x97, 0x03, 0xb8, 0x0e,
  0xe0, 0x3a, 0x40, 0xe9, 0x20, 0x97, 0x83, 0xd1, 0x84, 0x00, 0x18, 0x4d,
  0x10, 0x82, 0xd1, 0x84, 0x41, 0xb0, 0xa1, 0x90, 0x8f, 0x0d, 0x86, 0x7c,
  0x6c, 0x38, 0xe4, 0x63, 0xd9, 0x00, 0x1f, 0xcb, 0x06, 0xf8, 0x58, 0x36,
  0xc0, 0xc7, 0xb2, 0x05, 0x3e, 0xb3, 0x0c, 0x7e, 0x01, 0x1a, 0xeb, 0x32,
  0x1c, 0xc1, 0x2e, 0xe7, 0x1c, 0x10, 0xdf, 0x2c, 0xc3, 0x5f, 0x84, 0x46,
  0x60, 0xed, 0x92, 0xce, 0x81, 0x7c, 0x6c, 0x9d, 0x83, 0x20, 0x3e, 0x16,
  0xbc, 0x8b, 0x7c, 0x2c, 0x70, 0xe7, 0x00, 0x3e, 0x16, 0xc4, 0x8b, 0x7c,
  0x2c, 0x88, 0xe7, 0x00, 0x3e, 0xb3, 0x04, 0xa1, 0x61, 0xf3, 0x32, 0xcf,
  0x81, 0x7c, 0x2c, 0xa8, 0xe7, 0x00, 0x3e, 0x56, 0x2f, 0xf5, 0x22, 0x1f,
  0x0b, 0x04, 0xf9, 0x58, 0x10, 0xcf, 0x01, 0x7c, 0x66, 0x09, 0x42, 0x63,
  0xa0, 0x63, 0x10, 0x40, 0x83, 0xf9, 0x0b, 0xf0, 0x1c, 0xfc, 0xc2, 0x02,
  0x51, 0x90, 0xcf, 0x88, 0xc1, 0x03, 0x80, 0x20, 0x18, 0x34, 0xb1, 0x1d,
  0x88, 0x75, 0x10, 0xcf, 0x01, 0x3c, 0x07, 0xe9, 0x32, 0x07, 0xf3, 0x1c,
  0xcc, 0x73, 0x90, 0xda, 0x41, 0x6a, 0x07, 0x61, 0x1d, 0xc8, 0x73, 0x30,
  0x9a, 0x10, 0x00, 0xa3, 0x09, 0x42, 0x30, 0x9a, 0x30, 0x08, 0x36, 0x14,
  0xf2, 0xb1, 0xc1, 0x90, 0x8f, 0x0d, 0x87, 0x7c, 0x2c, 0x1b, 0xe0, 0x63,
  0xd9, 0x00, 0x1f, 0xcb, 0x06, 0xf8, 0x58, 0xb6, 0xc0, 0x67, 0x96, 0x41,
  0x34, 0x48, 0xc3, 0x5c, 0x86, 0x23, 0xce, 0x05, 0xa4, 0x03, 0xe2, 0x9b,
  0x65, 0x18, 0x8d, 0xd2, 0x08, 0x0c, 0x5d, 0x44, 0x3a, 0x90, 0x8f, 0x91,
  0x74, 0x10, 0xc4, 0xc7, 0x02, 0x75, 0x91, 0x8f, 0x05, 0x27, 0x1d, 0xc0,
  0xc7, 0x02, 0x76, 0x91, 0x8f, 0x05, 0x2a, 0x1d, 0xc0, 0x67, 0x96, 0xa0,
  0x34, 0xcc, 0x5d, 0x58, 0x3a, 0x90, 0x8f, 0x05, 0x2e, 0x1d, 0xc0, 0xc7,
  0xe0, 0x05, 0x5e, 0xe4, 0x63, 0x81, 0x20, 0x1f, 0x0b, 0x54, 0x3a, 0x80,
  0xcf, 0x2c, 0x41, 0x69, 0x0c, 0x74, 0x0c, 0x02, 0x69, 0x30, 0xa3, 0x21,
  0xa3, 0x83, 0x68, 0x58, 0xb0, 0x0b, 0xf2, 0x19, 0x31, 0x78, 0x00, 0x10,
  0x04, 0x83, 0x46, 0xbd, 0x83, 0xbd, 0x0e, 0x54, 0x3a, 0x48, 0xe9, 0x80,
  0x5c, 0x58, 0x81, 0xa5, 0x03, 0x96, 0x0e, 0xc4, 0x3b, 0x10, 0xef, 0x40,
  0xaf, 0x83, 0x95, 0x0e, 0x46, 0x13, 0x02, 0x60, 0x34, 0x41, 0x08, 0x46,
  0x13, 0x06, 0xc1, 0x86, 0x42, 0x3e, 0x36, 0x18, 0xf2, 0xb1, 0xe1, 0x90,
  0x8f, 0x65, 0x03, 0x7c, 0x2c, 0x1b, 0xe0, 0x63, 0xd9, 0x00, 0x1f, 0xcb,
  0x16, 0xf8, 0x8c, 0x18, 0x1c, 0x00, 0x08, 0x82, 0xc1, 0x43, 0xdf, 0x01,
  0x6a, 0x07, 0x01, 0x5a, 0x07, 0x56, 0x04, 0xf4, 0xb1, 0x42, 0xa0, 0x8f,
  0x15, 0x03, 0x7d, 0x66, 0x09, 0x52, 0x63, 0x38, 0x42, 0x7f, 0x42, 0x3b,
  0x08, 0xbe, 0x59, 0x86, 0xd3, 0x40, 0x8d, 0x60, 0xc4, 0xe0, 0x00, 0x40,
  0x10, 0x0c, 0xb0, 0xfa, 0x0e, 0x60, 0x3b, 0xc0, 0xe9, 0x40, 0xbe, 0x83,
  0xd1, 0x84, 0x00, 0x18, 0x4d, 0x10, 0x02, 0x03, 0xeb, 0x40, 0xa0, 0x8f,
  0x85, 0x75, 0x20, 0xd0, 0xc7, 0x46, 0x48, 0xa0, 0x8f, 0x8d, 0x90, 0x40,
  0x1f, 0x13, 0xd8, 0x3a, 0x80, 0x8f, 0x09, 0x6d, 0x1d, 0xc0, 0x67, 0xc4,
  0xc0, 0x00, 0x40, 0x10, 0x0c, 0xa2, 0x10, 0x0f, 0x76, 0x3b, 0x10, 0x46,
  0x0c, 0x0c, 0x00, 0x04, 0xc1, 0x20, 0x12, 0xf1, 0x80, 0xb7, 0x03, 0xc1,
  0x04, 0x23, 0x3e, 0x26, 0x18, 0xf1, 0x19, 0x4d, 0x48, 0xa1, 0x60, 0x34,
  0x41, 0x85, 0x04, 0x23, 0x04, 0xf9, 0x18, 0x21, 0xc8, 0xc7, 0x04, 0xbb,
  0x0e, 0xe0, 0x63, 0xc2, 0x5d, 0x07, 0xf0, 0x19, 0x31, 0x38, 0x00, 0x10,
  0x04, 0x83, 0x87, 0xc5, 0x03, 0xf0, 0x0e, 0x04, 0xb7, 0x0e, 0x46, 0x0c,
  0x0e, 0x00, 0x04, 0xc1, 0xe0, 0x69, 0xf1, 0x20, 0xbc, 0x03, 0xe1, 0xad,
  0x83, 0x11, 0x83, 0x03, 0x00, 0x41, 0x30, 0x78, 0x5c, 0x3c, 0x40, 0xef,
  0x40, 0x90, 0xeb, 0x60, 0xc4, 0xe0, 0x00, 0x40, 0x10, 0x0c, 0x9e, 0x17,
  0x0f, 0xd2, 0x3b, 0x10, 0xe6, 0x3a, 0x30, 0x87, 0xaf, 0x03, 0xf8, 0x58,
  0x30, 0xc4, 0xc7, 0x1e, 0xbf, 0x0e, 0xe0, 0x63, 0x01, 0x11, 0x1f, 0x1b,
  0x30, 0xf9, 0x98, 0x80, 0xc9, 0x67, 0x96, 0x00, 0x35, 0x06, 0x2a, 0x06,
  0xe2, 0x34, 0xec, 0x30, 0x30, 0x8d, 0x81, 0x8a, 0x81, 0x38, 0x0d, 0x3b,
  0x0c, 0x4c, 0x63, 0xc4, 0xe0, 0x01, 0x40, 0x10, 0x0c, 0x9a, 0x1c, 0x0f,
  0xd4, 0x3b, 0xc8, 0xeb, 0x00, 0xaf, 0x03, 0x21, 0xd8, 0xeb, 0x60, 0xaf,
  0x83, 0x18, 0x0f, 0x62, 0x3c, 0x48, 0xef, 0x40, 0xaf, 0x83, 0xd1, 0x84,
  0x00, 0x18, 0x4d, 0x10, 0x82, 0xd1, 0x84, 0x41, 0x98, 0x25, 0x48, 0x8d,
  0x81, 0x8a, 0xc1, 0x15, 0x4a, 0xc3, 0x40, 0x8d, 0x81, 0x8a, 0xc1, 0x15,
  0x4a, 0xc3, 0x40, 0x8d, 0x81, 0x8a, 0xc1, 0x15, 0x4a, 0xc3, 0x40, 0x8d,
  0xd1, 0x04, 0x31, 0x1a, 0x86, 0x23, 0x02, 0xd1, 0x0e, 0x9c, 0x6f, 0x96,
  0x41, 0x35, 0xc0, 0x24, 0x30, 0xda, 0x0e, 0x84, 0xf8, 0x8c, 0x18, 0x1c,
  0x00, 0x08, 0x82, 0x01, 0xe6, 0xe3, 0x41, 0x7e, 0x07, 0xa1, 0x1d, 0xec,
  0x78, 0x30, 0x9a, 0x10, 0x04, 0x23, 0x06, 0x07, 0x00, 0x82, 0x60, 0xf0,
  0x90, 0x79, 0x80, 0xdf, 0x41, 0x80, 0xda, 0x81, 0x11, 0x01, 0x7d, 0x2c,
  0x50, 0x23, 0xf8, 0xcc, 0x32, 0xac, 0x06, 0x8f, 0xa0, 0xd1, 0x68, 0x42,
  0x01, 0x58, 0xd0, 0x46, 0xf2, 0xb1, 0xc1, 0x90, 0x8f, 0x09, 0xb7, 0x1d,
  0xc0, 0xc7, 0x04, 0xdc, 0x0e, 0xe0, 0x33, 0x62, 0x60, 0x00, 0x20, 0x08,
  0x06, 0xd1, 0x9a, 0x07, 0x25, 0x1e, 0x08, 0x23, 0x06, 0x06, 0x00, 0x82,
  0x60, 0x10, 0xb1, 0x79, 0x60, 0xe2, 0x81, 0x60, 0x84, 0x10, 0x1f, 0x23,
  0x84, 0xf8, 0x18, 0x7f, 0x07, 0x41, 0x7c, 0x46, 0x0c, 0x0c, 0x00, 0x04,
  0xc1, 0x20, 0x82, 0xf3, 0x00, 0xcd, 0x83, 0x60, 0x38, 0x22, 0xb0, 0xed,
  0x40, 0xf9, 0x66, 0x19, 0x58, 0xc3, 0x35, 0x82, 0xe1, 0x08, 0x01, 0xb7,
  0x03, 0xe2, 0x9b, 0x65, 0x68, 0x8d, 0xd7, 0x08, 0x6c, 0xd0, 0xed, 0x40,
  0x3e, 0xc6, 0xdb, 0x41, 0x10, 0x1f, 0x0b, 0x0a, 0xf9, 0x58, 0xf0, 0xdb,
  0x01, 0x7c, 0x2c, 0x38, 0xe4, 0x63, 0x81, 0x78, 0x07, 0xf0, 0x99, 0x25,
  0x78, 0x0d, 0x4b, 0xc8, 0x3b, 0x90, 0x8f, 0x05, 0xe6, 0x1d, 0xc0, 0xc7,
  0x96, 0x45, 0x3e, 0x16, 0x08, 0xf2, 0xb1, 0x40, 0xbc, 0x03, 0xf8, 0xcc,
  0x12, 0xbc, 0xc6, 0x40, 0xc7, 0x20, 0xb8, 0x06, 0xd3, 0x1a, 0xa2, 0x3b,
  0xb0, 0x86, 0xb1, 0x78, 0x20, 0xc5, 0x67, 0xc4, 0xc0, 0x00, 0x40, 0x10,
  0x0c, 0x22, 0x50, 0x0f, 0xf0, 0x3c, 0x08, 0x86, 0x23, 0x02, 0xf3, 0x0e,
  0x94, 0x6f, 0x96, 0x01, 0x36, 0x64, 0x23, 0x18, 0x8e, 0x10, 0xd0, 0x3b,
  0x20, 0xbe, 0x59, 0x86, 0xd8, 0x98, 0x8d, 0xc0, 0x06, 0xf5, 0x0e, 0xe4,
  0x63, 0xec, 0x1d, 0x04, 0xf1, 0xb1, 0xa0, 0x90, 0x8f, 0x05, 0xef, 0x1d,
  0xc0, 0xc7, 0x82, 0x43, 0x3e, 0x16, 0xc8, 0x77, 0x00, 0x9f, 0x59, 0x82,
  0xd9, 0xb0, 0x84, 0xbe, 0x03, 0xf9, 0x58, 0x60, 0xdf, 0x01, 0x7c, 0x6c,
  0x59, 0xe4, 0x63, 0x81, 0x20, 0x1f, 0x0b, 0xe4, 0x3b, 0x80, 0xcf, 0x2c,
  0xc1, 0x6c, 0x0c, 0x74, 0x0c, 0x82, 0x6c, 0x30, 0xb1, 0x21, 0xbe, 0x03,
  0x6c, 0x58, 0x10, 0xc9, 0xc7, 0xca, 0xc0, 0xbf, 0x03, 0xf8, 0x58, 0x19,
  0xfc, 0x77, 0x00, 0x1f, 0x13, 0xd8, 0x80, 0x3e, 0x26, 0xc4, 0x01, 0x7d,
  0x46, 0x0c, 0x1e, 0x00, 0x04, 0xc1, 0xa0, 0xb1, 0xf5, 0xe0, 0xcc, 0x03,
  0xfb, 0x0e, 0xea, 0x3b, 0x10, 0x02, 0xfc, 0x0e, 0xf0, 0x3b, 0x70, 0xf5,
  0xc0, 0xd5, 0x03, 0x33, 0x0f, 0xee, 0x3b, 0x18, 0x4d, 0x08, 0x80, 0xd1,
  0x04, 0x21, 0x18, 0x4d, 0x18, 0x04, 0x1b, 0x12, 0xf9, 0xd8, 0xa0, 0xc8,
  0xc7, 0x86, 0x45, 0x3e, 0xf6, 0xe2, 0x81, 0x1b, 0xc4, 0x67, 0xc4, 0xc0,
  0x00, 0x40, 0x10, 0x0c, 0x22, 0x5e, 0x0f, 0x68, 0x3d, 0x08, 0x86, 0x23,
  0x02, 0x11, 0x0f, 0x94, 0x6f, 0x96, 0x81, 0x36, 0x6c, 0x23, 0x18, 0x8e,
  0x10, 0x48, 0x3c, 0x20, 0xbe, 0x59, 0x86, 0xda, 0xb8, 0x8d, 0xc0, 0x06,
  0x13, 0x0f, 0xe4, 0x63, 0x28, 0x1e, 0x04, 0xf1, 0xb1, 0xa0, 0x90, 0x8f,
  0x05, 0x2b, 0x1e, 0xc0, 0xc7, 0x82, 0x43, 0x3e, 0x16, 0xb8, 0x78, 0x00,
  0x9f, 0x59, 0x82, 0xdb, 0xb0, 0x04, 0xc6, 0x03, 0xf9, 0x58, 0x20, 0xe3,
  0x01, 0x7c, 0x6c, 0x59, 0xe4, 0x63, 0x81, 0x20, 0x1f, 0x0b, 0x5c, 0x3c,
  0x80, 0xcf, 0x2c, 0xc1, 0x6d, 0x0c, 0x74, 0x0c, 0x82, 0x6d, 0x30, 0xb5,
  0xa1, 0xc3, 0x03, 0x6d, 0x58, 0xd0, 0x06, 0xf2, 0xb1, 0x50, 0xc8, 0xf1,
  0x00, 0x3e, 0x16, 0x9c, 0x02, 0x7d, 0x46, 0x0c, 0x1e, 0x00, 0x04, 0xc1,
  0xa0, 0x81, 0xf7, 0x20, 0xd4, 0x03, 0x18, 0x0f, 0x5e, 0x3c, 0x08, 0x36,
  0x19, 0x0f, 0x64, 0x3c, 0x40, 0xf7, 0x00, 0xdd, 0x03, 0x50, 0x0f, 0x62,
  0x3c, 0x18, 0x4d, 0x08, 0x80, 0xd1, 0x04, 0x21, 0x18, 0x4d, 0x18, 0x04,
  0x1b, 0x0e, 0xf9, 0xd8, 0x80, 0xc8, 0xc7, 0x86, 0x44, 0x3e, 0x36, 0x74,
  0xf0, 0xb1, 0xa1, 0x83, 0x8f, 0x0d, 0x1d, 0x7c, 0xcc, 0x51, 0x03, 0xf8,
  0x98, 0x8f, 0x07, 0xac, 0x10, 0x9f, 0x11, 0x03, 0x03, 0x00, 0x41, 0x30,
  0x88, 0xf4, 0x3d, 0x90, 0xf7, 0x20, 0x18, 0x8e, 0x08, 0xc0, 0x3c, 0x50,
  0xbe, 0x59, 0x06, 0xdc, 0xd0, 0x8d, 0x60, 0x38, 0x42, 0x10, 0xf3, 0x80,
  0xf8, 0x66, 0x19, 0x72, 0x63, 0x37, 0x02, 0x1b, 0xc8, 0x3c, 0x90, 0x8f,
  0x99, 0x79, 0x10, 0xc4, 0xc7, 0x82, 0x42, 0x3e, 0x16, 0xa4, 0x79, 0x00,
  0x1f, 0x0b, 0x0e, 0xf9, 0x58, 0xc0, 0xe6, 0x01, 0x7c, 0x66, 0x09, 0x76,
  0xc3, 0x12, 0x37, 0x0f, 0xe4, 0x63, 0x01, 0x9c, 0x07, 0xf0, 0xb1, 0x65,
  0x91, 0x8f, 0x05, 0x82, 0x7c, 0x2c, 0x60, 0xf3, 0x00, 0x3e, 0xb3, 0x04,
  0xbb, 0x31, 0xd0, 0x31, 0x08, 0xba, 0xc1, 0xe4, 0x86, 0x2d, 0x0f, 0xb8,
  0x61, 0xc1, 0x2a, 0xc8, 0xc7, 0x7e, 0xc1, 0xd6, 0x03, 0xf8, 0x58, 0x50,
  0x0e, 0xf4, 0x19, 0x31, 0x78, 0x00, 0x10, 0x04, 0x83, 0xc6, 0xe5, 0x83,
  0x5f, 0x0f, 0xdc, 0x3c, 0x68, 0xf3, 0x20, 0xc8, 0x03, 0x38, 0x0f, 0xe0,
  0x3c, 0x30, 0xf9, 0xc0, 0xe4, 0x03, 0x5f, 0x0f, 0xde, 0x3c, 0x18, 0x4d,
  0x08, 0x80, 0xd1, 0x04, 0x21, 0x18, 0x4d, 0x18, 0x04, 0x1b, 0x0e, 0xf9,
  0xd8, 0x80, 0xc8, 0xc7, 0x86, 0x44, 0x3e, 0xe6, 0x0d, 0xf0, 0x31, 0x6f,
  0x80, 0x8f, 0x79, 0x03, 0x7c, 0xcc, 0x73, 0xe0, 0x63, 0x7d, 0x1e, 0xa8,
  0x43, 0x7c, 0x46, 0x0c, 0x0c, 0x00, 0x04, 0xc1, 0x20, 0xc2, 0xf9, 0x00,
  0xe6, 0x83, 0x60, 0x38, 0x22, 0xf0, 0xf3, 0x40, 0xf9, 0x66, 0x19, 0x78,
  0xc3, 0x37, 0x82, 0xe1, 0x08, 0x01, 0xd4, 0x03, 0xe2, 0x9b, 0x65, 0xe8,
  0x8d, 0xdf, 0x08, 0x6c, 0x10, 0xf5, 0x40, 0x3e, 0x46, 0xea, 0x41, 0x10,
  0x1f, 0x0b, 0x0a, 0xf9, 0x58, 0x70, 0xea, 0x01, 0x7c, 0x2c, 0x38, 0xe4,
  0x63, 0x81, 0xaa, 0x07, 0xf0, 0x99, 0x25, 0xf8, 0x0d, 0x4b, 0x58, 0x3d,
  0x90, 0x8f, 0x05, 0xae, 0x1e, 0xc0, 0xc7, 0x96, 0x45, 0x3e, 0x16, 0x08,
  0xf2, 0xb1, 0x40, 0xd5, 0x03, 0xf8, 0xcc, 0x12, 0xfc, 0xc6, 0x40, 0xc7,
  0x20, 0xf8, 0x06, 0xd3, 0x1b, 0x32, 0x3d, 0xf0, 0x86, 0x05, 0xe9, 0x20,
  0x1f, 0xeb, 0x87, 0x79, 0x0f, 0xe0, 0x63, 0xc1, 0x48, 0xd0, 0x67, 0xc4,
  0xe0, 0x01, 0x40, 0x10, 0x0c, 0x1a, 0xb6, 0x0f, 0xfa, 0x3d, 0x60, 0xf5,
  0x60, 0xd5, 0x83, 0xe0, 0x16, 0x5c, 0x3d, 0x70, 0xf5, 0x80, 0xec, 0x03,
  0xb2, 0x0f, 0xf8, 0x3d, 0x68, 0xf5, 0x60, 0x34, 0x21, 0x00, 0x46, 0x13,
  0x84, 0x60, 0x34, 0x61, 0x10, 0x6c, 0x38, 0xe4, 0x63, 0x03, 0x22, 0x1f,
  0x1b, 0x12, 0xf9, 0x98, 0x37, 0xc0, 0xc7, 0xbc, 0x01, 0x3e, 0xe6, 0x0d,
  0xf0, 0x31, 0xcf, 0x81, 0x8f, 0x05, 0xf7, 0x20, 0x1f, 0x53, 0xf7, 0x00,
  0x25, 0xe2, 0x33, 0x62, 0x60, 0x00, 0x20, 0x08, 0x06, 0xd1, 0xdd, 0x07,
  0x6f, 0x1f, 0x04, 0xc3, 0x11, 0x41, 0xaf, 0x07, 0xca, 0x37, 0xcb, 0x00,
  0x1e, 0xe2, 0x11, 0x0c, 0x47, 0x08, 0xbf, 0x1e, 0x10, 0xdf, 0x2c, 0x43,
  0x78, 0x8c, 0x47, 0x60, 0x43, 0xb8, 0x07, 0xf2, 0xb1, 0x71, 0x0f, 0x82,
  0xf8, 0x58, 0x50, 0xc8, 0xc7, 0x02, 0x73, 0x0f, 0xe0, 0x63, 0xc1, 0x21,
  0x1f, 0x0b, 0xd2, 0x3d, 0x80, 0xcf, 0x2c, 0xc1, 0x78, 0x58, 0xb2, 0xee,
  0x81, 0x7c, 0x2c, 0x68, 0xf7, 0x00, 0x3e, 0xb6, 0x2c, 0xf2, 0xb1, 0x40,
  0x90, 0x8f, 0x05, 0xe9, 0x1e, 0xc0, 0x67, 0x96, 0x60, 0x3c, 0x06, 0x3a,
  0x06, 0x41, 0x3c, 0x98, 0xf0, 0x80, 0xed, 0x01, 0x3c, 0x66, 0x19, 0xc8,
  0xc3, 0x3c, 0x4a, 0x62, 0x38, 0xc2, 0x24, 0xd8, 0x3d, 0x20, 0xbe, 0x59,
  0x86, 0xf2, 0x38, 0x8f, 0xc0, 0x4e, 0xc2, 0xdd, 0x03, 0xf9, 0x18, 0xbc,
  0x07, 0x41, 0x7c, 0x2c, 0x48, 0x09, 0xf9, 0x58, 0x30, 0xef, 0x01, 0x7c,
  0x2c, 0x58, 0x09, 0xf9, 0x58, 0x60, 0xef, 0x01, 0x7c, 0x66, 0x09, 0xce,
  0xc3, 0x5a, 0x02, 0xdf, 0x03, 0xf9, 0x58, 0xa0, 0xef, 0x01, 0x7c, 0xec,
  0x25, 0x5e, 0x42, 0x3e, 0x16, 0x08, 0xf2, 0xb1, 0xc0, 0xde, 0x03, 0xf8,
  0xcc, 0x12, 0x9c, 0xc7, 0x40, 0xc7, 0x20, 0x98, 0x07, 0x53, 0x1e, 0xea,
  0x3d, 0x90, 0x87, 0x05, 0x8e, 0x7c, 0x0c, 0x2d, 0x42, 0x3e, 0x80, 0x8f,
  0x05, 0x73, 0x41, 0x9f, 0x11, 0x83, 0x07, 0x00, 0x41, 0x30, 0x68, 0x70,
  0x3f, 0x48, 0xfb, 0x00, 0xdf, 0x83, 0x7b, 0x0f, 0x48, 0x22, 0xd0, 0xf7,
  0x40, 0xdf, 0x03, 0xd8, 0x0f, 0x60, 0x3f, 0x40, 0xfb, 0x20, 0xdf, 0x83,
  0xd1, 0x84, 0x00, 0x18, 0x4d, 0x10, 0x82, 0xd1, 0x84, 0x41, 0xb0, 0xe1,
  0x90, 0x8f, 0x0d, 0x88, 0x7c, 0x6c, 0x48, 0xe4, 0x63, 0x6c, 0x30, 0xc0,
  0xc7, 0xd8, 0x60, 0x80, 0x8f, 0xb1, 0xc1, 0x00, 0x1f, 0x6b, 0xd6, 0x00,
  0x3e, 0xb3, 0x0c, 0xe8, 0xa1, 0x1e, 0x24, 0x31, 0x1c, 0x51, 0x12, 0x27,
  0x1f, 0x10, 0xdf, 0x2c, 0x43, 0x7a, 0xac, 0x47, 0x60, 0x26, 0x91, 0xf2,
  0x81, 0x7c, 0x6c, 0xe5, 0x83, 0x20, 0x3e, 0x16, 0xa0, 0x84, 0x7c, 0x2c,
  0x70, 0xf9, 0x00, 0x3e, 0x16, 0xa8, 0x84, 0x7c, 0x2c, 0x88, 0xf9, 0x00,
  0x3e, 0xb3, 0x04, 0xeb, 0x61, 0x2c, 0x31, 0xf3, 0x81, 0x7c, 0x2c, 0xa8,
  0xf9, 0x00, 0x3e, 0xe6, 0x12, 0x2e, 0x21, 0x1f, 0x0b, 0x04, 0xf9, 0x58,
  0x10, 0xf3, 0x01, 0x7c, 0x66, 0x09, 0xd6, 0x63, 0xa0, 0x63, 0x10, 0xd4,
  0x83, 0x49, 0x0f, 0x30, 0x1f, 0xd0, 0xc3, 0x82, 0x34, 0x90, 0xcf, 0x88,
  0xc1, 0x03, 0x80, 0x20, 0x18, 0x34, 0xf1, 0x1f, 0x88, 0x7e, 0x10, 0xf3,
  0x01, 0xcc, 0x07, 0x22, 0xa1, 0xcd, 0x7c, 0x30, 0xf3, 0x41, 0xfa, 0x07,
  0xe9, 0x1f, 0x84, 0x7e, 0x20, 0xf3, 0xc1, 0x68, 0x42, 0x00, 0x8c, 0x26,
  0x08, 0xc1, 0x68, 0xc2, 0x20, 0xd8, 0x50, 0xc8, 0xc7, 0x06, 0x43, 0x3e,
  0x36, 0x1c, 0xf2, 0xb1, 0x6c, 0x80, 0x8f, 0x65, 0x03, 0x7c, 0x2c, 0x1b,
  0xe0, 0x63, 0xd9, 0x02, 0x9f, 0x59, 0x06, 0xf6, 0x70, 0x8f, 0x7f, 0x18,
  0x8e, 0x00, 0x09, 0xb0, 0x0f, 0x88, 0x6f, 0x96, 0xa1, 0x3d, 0xde, 0x23,
  0xb0, 0x90, 0x10, 0xfb, 0x40, 0x3e, 0x46, 0xf6, 0x41, 0x10, 0x1f, 0x0b,
  0x46, 0x42, 0x3e, 0x16, 0x9c, 0x7d, 0x00, 0x1f, 0x0b, 0x4a, 0x42, 0x3e,
  0x16, 0xa8, 0x7d, 0x00, 0x9f, 0x59, 0x82, 0xf7, 0xb0, 0x93, 0x60, 0xfb,
  0x40, 0x3e, 0x16, 0xb8, 0x7d, 0x00, 0x1f, 0x4b, 0x89, 0x94, 0x90, 0x8f,
  0x05, 0x82, 0x7c, 0x2c, 0x50, 0xfb, 0x00, 0x3e, 0xb3, 0x04, 0xef, 0x31,
  0xd0, 0x31, 0x08, 0xee, 0xc1, 0xb4, 0x87, 0xac, 0x0f, 0xec, 0x61, 0x81,
  0x28, 0xc8, 0x67, 0xc4, 0xe0, 0x01, 0x40, 0x10, 0x0c, 0x1a, 0x15, 0x14,
  0x76, 0x3f, 0x50, 0xfb, 0x20, 0xed, 0x83, 0x7e, 0x98, 0x03, 0xb6, 0x0f,
  0xd8, 0x3e, 0x10, 0x41, 0x41, 0x04, 0x05, 0xdd, 0x0f, 0xd6, 0x3e, 0x18,
  0x4d, 0x08, 0x80, 0xd1, 0x04, 0x21, 0x18, 0x4d, 0x18, 0x04, 0x1b, 0x0a,
  0xf9, 0xd8, 0x60, 0xc8, 0xc7, 0x86, 0x43, 0x3e, 0x96, 0x0d, 0xf0, 0xb1,
  0x6c, 0x80, 0x8f, 0x65, 0x03, 0x7c, 0x2c, 0x5b, 0xe0, 0x33, 0xcb, 0x00,
  0x1f, 0xf2, 0xa1, 0x0f, 0xc3, 0x11, 0xfb, 0x90, 0xf7, 0x01, 0xf1, 0xcd,
  0x32, 0xc4, 0xc7, 0x7c, 0x04, 0xc6, 0x0f, 0x7b, 0x1f, 0xc8, 0xc7, 0xfa,
  0x3e, 0x08, 0xe2, 0x63, 0x81, 0x3f, 0xc8, 0xc7, 0x02, 0xd0, 0x0f, 0xe0,
  0x63, 0x01, 0x48, 0xc8, 0xc7, 0x82, 0xd1, 0x0f, 0xe0, 0x33, 0x4b, 0x30,
  0x1f, 0x26, 0x12, 0xa5, 0x1f, 0xc8, 0xc7, 0x82, 0xd3, 0x0f, 0xe0, 0x63,
  0x24, 0x41, 0x12, 0xf2, 0xb1, 0x40, 0x90, 0x8f, 0x05, 0xa3, 0x1f, 0xc0,
  0x67, 0x96, 0x60, 0x3e, 0x06, 0x3a, 0x06, 0x41, 0x3e, 0x98, 0xf8, 0x20,
  0xf9, 0x01, 0x3e, 0x2c, 0xd8, 0x05, 0xf9, 0x8c, 0x18, 0x3c, 0x00, 0x08,
  0x82, 0x41, 0x33, 0x86, 0x02, 0xfd, 0x07, 0xa3, 0x1f, 0x88, 0x7e, 0x80,
  0x0f, 0xac, 0x50, 0xfa, 0x41, 0xe9, 0x07, 0x3b, 0x28, 0xec, 0xa0, 0x30,
  0xff, 0x01, 0xe9, 0x07, 0xa3, 0x09, 0x01, 0x30, 0x9a, 0x20, 0x04, 0xa3,
  0x09, 0x83, 0x60, 0x43, 0x21, 0x1f, 0x1b, 0x0c, 0xf9, 0xd8, 0x70, 0xc8,
  0xc7, 0xb2, 0x01, 0x3e, 0x96, 0x0d, 0xf0, 0xb1, 0x6c, 0x80, 0x8f, 0x65,
  0x0b, 0x7c, 0x2c, 0xf6, 0x03, 0xff, 0x88, 0xcf, 0x88, 0x81, 0x01, 0x80,
  0x20, 0x18, 0x44, 0x6d, 0x28, 0x94, 0xa1, 0x10, 0x0c, 0x47, 0x04, 0xb3,
  0x1f, 0x28, 0xdf, 0x2c, 0x03, 0x7d, 0xd8, 0x47, 0x30, 0x1c, 0x21, 0xd4,
  0x7e, 0x40, 0x7c, 0xb3, 0x0c, 0xf5, 0x71, 0x1f, 0x81, 0x0d, 0xb7, 0x1f,
  0xc8, 0xc7, 0x72, 0x3f, 0x08, 0xe2, 0x63, 0x41, 0x21, 0x1f, 0x0b, 0x78,
  0x3f, 0x80, 0x8f, 0x05, 0x87, 0x7c, 0x2c, 0xf8, 0xfd, 0x00, 0x3e, 0xb3,
  0x04, 0xf7, 0x61, 0x49, 0xf8, 0x07, 0xf2, 0xb1, 0x60, 0xfc, 0x03, 0xf8,
  0xd8, 0xb2, 0xc8, 0xc7, 0x02, 0x41, 0x3e, 0x16, 0xfc, 0x7e, 0x00, 0x9f,
  0x59, 0x82, 0xfb, 0x18, 0xe8, 0x18, 0x04, 0xfb, 0x60, 0xea, 0x83, 0xef,
  0x07, 0xfa, 0x98, 0x65, 0xc0, 0x0f, 0xfd, 0xd8, 0x8f, 0xe1, 0x08, 0xfe,
  0x10, 0xff, 0x80, 0xf8, 0x66, 0x19, 0xf2, 0x63, 0x3f, 0x02, 0xeb, 0x0f,
  0xf2, 0x0f, 0xe4, 0x63, 0xe6, 0x1f, 0x04, 0xf1, 0xb1, 0xe0, 0x3f, 0xe4,
  0x63, 0x41, 0xfa, 0x07, 0xf0, 0xb1, 0x20, 0x44, 0xe4, 0x63, 0x01, 0xfb,
  0x07, 0xf0, 0x99, 0x25, 0xd8, 0x0f, 0x1b, 0x11, 0xf7, 0x0f, 0xe4, 0x63,
  0x01, 0xfc, 0x07, 0xf0, 0xb1, 0x12, 0x29, 0x11, 0xf9, 0x58, 0x20, 0xc8,
  0xc7, 0x02, 0xf6, 0x0f, 0xe0, 0x33, 0x4b, 0xb0, 0x1f, 0x03, 0x1d, 0x83,
  0xa0, 0x1f, 0x4c, 0x7e, 0xd8, 0xfe, 0x80, 0x1f, 0x16, 0x38, 0xf2, 0x31,
  0x1f, 0xb1, 0x41, 0x01, 0x3e, 0x16, 0xa4, 0x09, 0x7d, 0x46, 0x0c, 0x1e,
  0x00, 0x04, 0xc1, 0xa0, 0x71, 0x45, 0xe1, 0x07, 0x05, 0xf7, 0x0f, 0xda,
  0x3f, 0xd0, 0x8f, 0x00, 0xfe, 0x03, 0xf8, 0x0f, 0x4c, 0x51, 0x30, 0x45,
  0xc1, 0x07, 0x85, 0xf7, 0x0f, 0x46, 0x13, 0x02, 0x60, 0x34, 0x41, 0x08,
  0x46, 0x13, 0x06, 0xc1, 0x86, 0x43, 0x3e, 0x36, 0x20, 0xf2, 0xb1, 0x21,
  0x91, 0x8f, 0xad, 0xc1, 0x00, 0x1f, 0x5b, 0x83, 0x01, 0x3e, 0xb6, 0x06,
  0x03, 0x7c, 0x6c, 0x0d, 0x1a, 0xf8, 0xcc, 0x32, 0xf0, 0x87, 0x7f, 0xe8,
  0xc7, 0x70, 0xc4, 0x7e, 0xf4, 0x7f, 0x40, 0x7c, 0xb3, 0x0c, 0xfd, 0xf1,
  0x1f, 0x81, 0xf1, 0xc7, 0xff, 0x07, 0xf2, 0xb1, 0x10, 0x14, 0x82, 0xf8,
  0x58, 0xe0, 0x1f, 0xf2, 0xb1, 0x80, 0x04, 0x05, 0xf8, 0x58, 0x00, 0x22,
  0xf2, 0xb1, 0xe0, 0x04, 0x05, 0xf8, 0xcc, 0x12, 0xfc, 0x87, 0x89, 0x48,
  0x0a, 0x0a, 0xf2, 0xb1, 0x60, 0x05, 0x05, 0xf8, 0x18, 0x89, 0x90, 0x88,
  0x7c, 0x2c, 0x10, 0xe4, 0x63, 0xc1, 0x09, 0x0a, 0xf0, 0x99, 0x25, 0xf8,
  0x8f, 0x81, 0x8e, 0x41, 0xf0, 0x0f, 0xa6, 0x3f, 0x58, 0x90, 0xe0, 0x0f,
  0x0b, 0xd2, 0x40, 0x3e, 0x23, 0x06, 0x0f, 0x00, 0x82, 0x60, 0xd0, 0x9c,
  0xa3, 0x80, 0x87, 0xc2, 0x09, 0x0a, 0x26, 0x28, 0xe0, 0x87, 0x96, 0x82,
  0x42, 0x0a, 0x0a, 0xbf, 0x28, 0xfc, 0xa2, 0x70, 0x87, 0x02, 0x0a, 0x0a,
  0xa3, 0x09, 0x01, 0x30, 0x9a, 0x20, 0x04, 0xa3, 0x09, 0x83, 0x60, 0x43,
  0x21, 0x1f, 0x1b, 0x0c, 0xf9, 0xd8, 0x70, 0xc8, 0xc7, 0xb2, 0x01, 0x3e,
  0x96, 0x0d, 0xf0, 0xb1, 0x6c, 0x80, 0x8f, 0x65, 0x0b, 0x7c, 0x66, 0x19,
  0x40, 0x44, 0x44, 0xea, 0x63, 0x38, 0xc2, 0x3e, 0x6c, 0x50, 0x20, 0xbe,
  0x59, 0x86, 0x10, 0x19, 0x91, 0xc0, 0xee, 0x03, 0x07, 0x05, 0xf9, 0x98,
  0x0e, 0x0a, 0x41, 0x7c, 0x2c, 0xc8, 0x0f, 0xf9, 0x58, 0xd0, 0x83, 0x02,
  0x7c, 0x2c, 0xd8, 0x0f, 0xf9, 0x58, 0x00, 0x86, 0x02, 0x7c, 0x66, 0x09,
  0x46, 0xc4, 0xfa, 0x43, 0x0c, 0x05, 0xf9, 0x58, 0x40, 0x86, 0x02, 0x7c,
  0xec, 0x3f, 0xfe, 0x43, 0x3e, 0x16, 0x08, 0xf2, 0xb1, 0x00, 0x0c, 0x05,
  0xf8, 0xcc, 0x12, 0x8c, 0xc8, 0x40, 0xc7, 0x20, 0x88, 0x08, 0x13, 0x22,
  0x7e, 0x48, 0x80, 0x88, 0x05, 0xa2, 0x20, 0x9f, 0x11, 0x83, 0x07, 0x00,
  0x41, 0x30, 0x68, 0x40, 0x52, 0x88, 0x45, 0x01, 0x0c, 0x85, 0x1f, 0x14,
  0xe6, 0x63, 0x0e, 0xc4, 0x50, 0x10, 0x43, 0x01, 0x1f, 0x05, 0x7c, 0x14,
  0x60, 0x51, 0x08, 0x43, 0x61, 0x34, 0x21, 0x00, 0x46, 0x13, 0x84, 0x60,
  0x34, 0x61, 0x10, 0x6c, 0x28, 0xe4, 0x63, 0x83, 0x21, 0x1f, 0x1b, 0x0e,
  0xf9, 0x58, 0x36, 0xc0, 0xc7, 0xb2, 0x01, 0x3e, 0x96, 0x0d, 0xf0, 0xb1,
  0x6c, 0x81, 0xcf, 0x2c, 0x03, 0x89, 0x98, 0x08, 0x7c, 0x0c, 0x47, 0xc4,
  0xc7, 0x1b, 0x0a, 0xc4, 0x37, 0xcb, 0x50, 0x22, 0x27, 0x12, 0x98, 0x7c,
  0xc4, 0xa1, 0x20, 0x1f, 0x9b, 0x43, 0x21, 0x88, 0x8f, 0x05, 0xf4, 0x21,
  0x1f, 0x0b, 0xec, 0x50, 0x80, 0x8f, 0x05, 0xf6, 0x21, 0x1f, 0x0b, 0xf2,
  0x50, 0x80, 0xcf, 0x2c, 0xc1, 0x89, 0x18, 0x7e, 0xec, 0xa1, 0x20, 0x1f,
  0x0b, 0xfa, 0x50, 0x80, 0x8f, 0xe9, 0x87, 0x7e, 0xc8, 0xc7, 0x02, 0x41,
  0x3e, 0x16, 0xe4, 0xa1, 0x00, 0x9f, 0x59, 0x82, 0x13, 0x19, 0xe8, 0x18,
  0x04, 0x13, 0x61, 0x4a, 0x04, 0x1e, 0x09, 0x12, 0xb1, 0x60, 0x17, 0xe4,
  0x33, 0x62, 0xf0, 0x00, 0x20, 0x08, 0x06, 0x4d, 0x4e, 0x0a, 0xea, 0x28,
  0xe4, 0xa1, 0x80, 0x87, 0x82, 0x7b, 0xb0, 0xc2, 0x1e, 0x0a, 0x7b, 0x28,
  0xc4, 0xa4, 0x10, 0x93, 0x42, 0x3a, 0x0a, 0x7a, 0x28, 0x8c, 0x26, 0x04,
  0xc0, 0x68, 0x82, 0x10, 0x8c, 0x26, 0x0c, 0x82, 0x0d, 0x85, 0x7c, 0x6c,
  0x30, 0xe4, 0x63, 0xc3, 0x21, 0x1f, 0xcb, 0x06, 0xf8, 0x58, 0x36, 0xc0,
  0xc7, 0xb2, 0x01, 0x3e, 0x96, 0x2d, 0xf0, 0x31, 0x54, 0x14, 0xe8, 0x25,
  0x3e, 0x23, 0x06, 0x06, 0x00, 0x82, 0x60, 0x10, 0x8d, 0xa5, 0xb0, 0x93,
  0x42, 0x30, 0x1c, 0x11, 0xa4, 0xa2, 0xa0, 0x7c, 0xb3, 0x0c, 0x28, 0xa2,
  0x22, 0xc1, 0x70, 0x84, 0xb0, 0x8a, 0x02, 0xf1, 0xcd, 0x32, 0xa4, 0xc8,
  0x8a, 0x04, 0x36, 0xb4, 0xa2, 0x20, 0x1f, 0x7b, 0x45, 0x21, 0x88, 0x8f,
  0x05, 0x85, 0x7c, 0x2c, 0x90, 0x45, 0x01, 0x3e, 0x16, 0x1c, 0xf2, 0xb1,
  0xa0, 0x16, 0x05, 0xf8, 0xcc, 0x12, 0xac, 0x88, 0x25, 0xb7, 0x28, 0xc8,
  0xc7, 0x82, 0x5c, 0x14, 0xe0, 0x63, 0xcb, 0x22, 0x1f, 0x0b, 0x04, 0xf9,
  0x58, 0x50, 0x8b, 0x02, 0x7c, 0x66, 0x09, 0x56, 0x64, 0xa0, 0x63, 0x10,
  0x54, 0x84, 0x49, 0x11, 0xb4, 0x24, 0x50, 0x64, 0x96, 0x81, 0x45, 0x5c,
  0x24, 0x5e, 0x86, 0x23, 0xe4, 0x05, 0x17, 0x05, 0xe2, 0x9b, 0x65, 0x68,
  0x91, 0x17, 0x09, 0x6c, 0x5e, 0x74, 0x51, 0x90, 0x8f, 0xf1, 0xa2, 0x10,
  0xc4, 0xc7, 0x82, 0x7a, 0x91, 0x8f, 0x05, 0xbf, 0x28, 0xc0, 0xc7, 0x82,
  0x7b, 0x91, 0x8f, 0x05, 0xe2, 0x28, 0xc0, 0x67, 0x96, 0xe0, 0x45, 0x2c,
  0x5f, 0xc8, 0x51, 0x90, 0x8f, 0x05, 0xe6, 0x28, 0xc0, 0xc7, 0xf6, 0x65,
  0x5f, 0xe4, 0x63, 0x81, 0x20, 0x1f, 0x0b, 0xc4, 0x51, 0x80, 0xcf, 0x2c,
  0xc1, 0x8b, 0x0c, 0x74, 0x0c, 0x82, 0x8b, 0x30, 0x2d, 0x22, 0x9a, 0x04,
  0x8b, 0x58, 0xe0, 0xc8, 0xc7, 0x68, 0x66, 0x25, 0x05, 0xf8, 0x58, 0xf0,
  0x33, 0xf4, 0x19, 0x31, 0x78, 0x00, 0x10, 0x04, 0x83, 0x86, 0x34, 0x85,
  0x9a, 0x14, 0xc8, 0x51, 0x18, 0x47, 0x01, 0x5e, 0x02, 0x73, 0x14, 0xcc,
  0x51, 0xe0, 0x4b, 0x81, 0x2f, 0x05, 0x9a, 0x14, 0xca, 0x51, 0x18, 0x4d,
  0x08, 0x80, 0xd1, 0x04, 0x21, 0x18, 0x4d, 0x18, 0x04, 0x1b, 0x0e, 0xf9,
  0xd8, 0x80, 0xc8, 0xc7, 0x86, 0x44, 0x3e, 0xb6, 0x06, 0x03, 0x7c, 0x6c,
  0x0d, 0x06, 0xf8, 0xd8, 0x1a, 0x0c, 0xf0, 0xb1, 0x35, 0x68, 0xe0, 0x33,
  0xcb, 0x00, 0x23, 0x32, 0x02, 0x2f, 0xc3, 0x11, 0xf1, 0x32, 0x8f, 0x02,
  0xf1, 0xcd, 0x32, 0xc4, 0xc8, 0x8c, 0x04, 0x26, 0x2f, 0xf5, 0x28, 0xc8,
  0xc7, 0xee, 0x51, 0x08, 0xe2, 0x63, 0x01, 0xbd, 0xc8, 0xc7, 0x02, 0x7d,
  0x14, 0xe0, 0x63, 0x81, 0xbd, 0xc8, 0xc7, 0x82, 0x7e, 0x14, 0xe0, 0x33,
  0x4b, 0x30, 0x23, 0x86, 0x2f, 0xff, 0x28, 0xc8, 0xc7, 0x82, 0x90, 0x14,
  0xe0, 0x63, 0xfa, 0xa2, 0x2f, 0xf2, 0xb1, 0x40, 0x90, 0x8f, 0x05, 0xfd,
  0x28, 0xc0, 0x67, 0x96, 0x60, 0x46, 0x06, 0x3a, 0x06, 0x41, 0x46, 0x98,
  0x18, 0xc1, 0x4f, 0x02, 0x46, 0x2c, 0x48, 0x03, 0xf9, 0x8c, 0x18, 0x3c,
  0x00, 0x08, 0x82, 0x41, 0xd3, 0x9b, 0x82, 0x5b, 0x0a, 0xfd, 0x28, 0xf0,
  0xa3, 0xe0, 0x2e, 0xda, 0x3f, 0x0a, 0xff, 0x28, 0xd4, 0xa6, 0x50, 0x9b,
  0x42, 0x5b, 0x0a, 0xfe, 0x28, 0x8c, 0x26, 0x04, 0xc0, 0x68, 0x82, 0x10,
  0x8c, 0x26, 0x0c, 0x82, 0x0d, 0x85, 0x7c, 0x6c, 0x30, 0xe4, 0x63, 0xc3,
  0x21, 0x1f, 0xcb, 0x06, 0xf8, 0x58, 0x36, 0xc0, 0xc7, 0xb2, 0x01, 0x3e,
  0x96, 0x2d, 0xf0, 0x99, 0x65, 0xa0, 0x11, 0x1b, 0x59, 0x97, 0xe1, 0x08,
  0x76, 0x61, 0x49, 0x81, 0xf8, 0x66, 0x19, 0x6a, 0xe4, 0x46, 0x02, 0x6b,
  0x17, 0x97, 0x14, 0xe4, 0x63, 0x30, 0x29, 0x04, 0xf1, 0xb1, 0xe0, 0x5d,
  0xe4, 0x63, 0xc1, 0x4c, 0x0a, 0xf0, 0xb1, 0x20, 0x5e, 0xe4, 0x63, 0x81,
  0x4d, 0x0a, 0xf0, 0x99, 0x25, 0xb8, 0x11, 0x9b, 0x17, 0x9c, 0x14, 0xe4,
  0x63, 0x81, 0x4e, 0x0a, 0xf0, 0xb1, 0x7a, 0xa9, 0x17, 0xf9, 0x58, 0x20,
  0xc8, 0xc7, 0x02, 0x9b, 0x14, 0xe0, 0x33, 0x4b, 0x70, 0x23, 0x03, 0x1d,
  0x83, 0x60, 0x23, 0x4c, 0x8d, 0xa8, 0x29, 0x41, 0x23, 0x16, 0x88, 0x82,
  0x7c, 0x46, 0x0c, 0x1e, 0x00, 0x04, 0xc1, 0xa0, 0xb1, 0x4f, 0xe1, 0x34,
  0x05, 0x9b, 0x14, 0x6a, 0x52, 0x48, 0x97, 0x39, 0xc0, 0x49, 0x01, 0x27,
  0x05, 0xf7, 0x14, 0xdc, 0x53, 0x30, 0x4d, 0xe1, 0x26, 0x85, 0xd1, 0x84,
  0x00, 0x18, 0x4d, 0x10, 0x82, 0xd1, 0x84, 0x41, 0xb0, 0xa1, 0x90, 0x8f,
  0x0d, 0x86, 0x7c, 0x6c, 0x38, 0xe4, 0x63, 0xd9, 0x00, 0x1f, 0xcb, 0x06,
  0xf8, 0x58, 0x36, 0xc0, 0xc7, 0xb2, 0x05, 0x3e, 0xb3, 0x0c, 0x38, 0xa2,
  0x23, 0xe6, 0x32, 0x1c, 0x71, 0x2e, 0x65, 0x29, 0x10, 0xdf, 0x2c, 0x43,
  0x8e, 0xec, 0x48, 0x60, 0xe8, 0x72, 0x96, 0x82, 0x7c, 0x2c, 0x2d, 0x85,
  0x20, 0x3e, 0x16, 0xa8, 0x8b, 0x7c, 0x2c, 0x60, 0x4b, 0x01, 0x3e, 0x16,
  0xb0, 0x8b, 0x7c, 0x2c, 0x78, 0x4b, 0x01, 0x3e, 0xb3, 0x04, 0x3b, 0x62,
  0xee, 0x12, 0x97, 0x82, 0x7c, 0x2c, 0x98, 0x4b, 0x01, 0x3e, 0x06, 0x2f,
  0xf0, 0x22, 0x1f, 0x0b, 0x04, 0xf9, 0x58, 0xf0, 0x96, 0x02, 0x7c, 0x66,
  0x09, 0x76, 0x64, 0xa0, 0x63, 0x10, 0x74, 0x84, 0xc9, 0x11, 0x5e, 0x25,
  0x70, 0xc4, 0x82, 0x5d, 0x90, 0xcf, 0x88, 0xc1, 0x03, 0x80, 0x20, 0x18,
  0x34, 0x2f, 0x2a, 0x80, 0xa7, 0xf0, 0x96, 0x82, 0x5b, 0x0a, 0xe4, 0xc2,
  0x0a, 0x71, 0x29, 0xc4, 0xa5, 0x70, 0xa2, 0xc2, 0x89, 0x0a, 0xbf, 0x29,
  0xc0, 0xa5, 0x30, 0x9a, 0x10, 0x00, 0xa3, 0x09, 0x42, 0x30, 0x9a, 0x30,
  0x08, 0x36, 0x14, 0xf2, 0xb1, 0xc1, 0x90, 0x8f, 0x0d, 0x87, 0x7c, 0x2c,
  0x1b, 0xe0, 0x63, 0xd9, 0x00, 0x1f, 0xcb, 0x06, 0xf8, 0x58, 0xb6, 0xc0,
  0x67, 0xc4, 0xe0, 0x00, 0x40, 0x10, 0x0c, 0x9e, 0x1c, 0x15, 0xda, 0x53,
  0x08, 0x5a, 0x53, 0xb0, 0x22, 0xa0, 0x8f, 0x15, 0x02, 0x7d, 0xac, 0x18,
  0xe8, 0x33, 0x4b, 0xf0, 0x23, 0xc3, 0x11, 0x3f, 0x18, 0x98, 0xa7, 0x10,
  0x7c, 0xb3, 0x0c, 0x3d, 0xe2, 0x23, 0xc1, 0x68, 0x02, 0xff, 0x00, 0x36,
  0x9a, 0x42, 0x40, 0x1f, 0x23, 0x4d, 0xa1, 0x7f, 0xe8, 0x63, 0x66, 0x18,
  0x08, 0xf4, 0x31, 0xfe, 0x11, 0xe8, 0x63, 0xc2, 0x6b, 0x0a, 0xf0, 0x31,
  0x01, 0x36, 0x05, 0xf8, 0x8c, 0x18, 0x18, 0x00, 0x08, 0x82, 0x41, 0x44,
  0xa6, 0x82, 0x7f, 0x0a, 0xc2, 0x88, 0x81, 0x01, 0x80, 0x20, 0x18, 0x44,
  0x65, 0x2a, 0xfc, 0xa7, 0x20, 0x98, 0x60, 0xc4, 0xc7, 0x04, 0x23, 0x3e,
  0xa3, 0x09, 0x6c, 0x18, 0x04, 0xa3, 0x09, 0x6d, 0x18, 0x08, 0x46, 0x08,
  0xf2, 0x31, 0x42, 0x90, 0x8f, 0x09, 0xb9, 0x29, 0xc0, 0xc7, 0x04, 0xdd,
  0x14, 0xe0, 0x33, 0x62, 0x70, 0x00, 0x20, 0x08, 0x06, 0xcf, 0x9b, 0x0a,
  0x23, 0x2a, 0x08, 0xb1, 0x29, 0x8c, 0x18, 0x1c, 0x00, 0x08, 0x82, 0xc1,
  0x03, 0xa7, 0x02, 0x89, 0x0a, 0x82, 0x6c, 0x0a, 0x23, 0x06, 0x07, 0x00,
  0x82, 0x60, 0xf0, 0xc4, 0xa9, 0xb0, 0xa2, 0x82, 0x50, 0x9b, 0xc2, 0x88,
  0xc1, 0x01, 0x80, 0x20, 0x18, 0x3c, 0x72, 0x2a, 0xb0, 0xa8, 0x20, 0xd8,
  0xa6, 0x60, 0xce, 0x6f, 0x0a, 0xf0, 0xb1, 0x60, 0x88, 0x8f, 0x3d, 0xe1,
  0x29, 0xc0, 0xc7, 0x02, 0x22, 0x3e, 0x36, 0x60, 0xf2, 0x31, 0x01, 0x93,
  0xcf, 0x2c, 0x81, 0x8f, 0x0c, 0x54, 0x0c, 0x44, 0x8f, 0xf0, 0xa3, 0xc0,
  0x23, 0x03, 0x15, 0x03, 0xd1, 0x23, 0x68, 0x18, 0xf0, 0xc8, 0x88, 0xc1,
  0x03, 0x80, 0x20, 0x18, 0x34, 0x7c, 0x2a, 0xb4, 0xa8, 0xc0, 0x9b, 0xc2,
  0x6e, 0x0a, 0x42, 0xe0, 0x9b, 0x82, 0x6f, 0x0a, 0x74, 0x2a, 0xd0, 0xa9,
  0xc0, 0xa2, 0x42, 0x6f, 0x0a, 0xa3, 0x09, 0x01, 0x30, 0x9a, 0x20, 0x04,
  0xa3, 0x09, 0x83, 0x30, 0x4b, 0xf0, 0x23, 0x03, 0x15, 0x83, 0x2a, 0xec,
  0x88, 0xe1, 0x23, 0x03, 0x15, 0x83, 0x2a, 0xec, 0x88, 0xe1, 0x23, 0x03,
  0x15, 0x83, 0x2a, 0xec, 0x88, 0xe1, 0x23, 0x36, 0x98, 0x51, 0x7c, 0x6c,
  0x30, 0xa3, 0xf8, 0xd8, 0x60, 0x46, 0xf1, 0x19, 0x31, 0x58, 0x00, 0x10,
  0x04, 0x83, 0x69, 0x54, 0x05, 0x31, 0x15, 0x06, 0x21, 0x40, 0x51, 0xe1,
  0x44, 0x05, 0x13, 0x15, 0x8c, 0x08, 0xe2, 0x63, 0x84, 0x10, 0x1f, 0x23,
  0x86, 0xf8, 0xd8, 0x50, 0x9f, 0x82, 0x7c, 0x6c, 0xb0, 0x4f, 0x41, 0x3e,
  0x36, 0xdc, 0xa7, 0x20, 0x1f, 0x1b, 0xe0, 0x08, 0x3e, 0x36, 0xc0, 0x11,
  0x7c, 0x6c, 0x80, 0x23, 0xf8, 0xcc, 0x12, 0x80, 0xc9, 0x40, 0xc5, 0x60,
  0xfc, 0x88, 0x39, 0x06, 0xa9, 0x31, 0x50, 0x31, 0x18, 0x3f, 0x62, 0x8e,
  0x41, 0x6a, 0x0c, 0x54, 0x0c, 0xc6, 0x8f, 0x98, 0x63, 0x90, 0x1a, 0xa3,
  0x09, 0xee, 0x18, 0x0c, 0xc3, 0x11, 0xc1, 0x7f, 0x0a, 0xc2, 0x67, 0x45,
  0x8a, 0x0a, 0xf2, 0xb1, 0x42, 0x45, 0x05, 0xf9, 0x58, 0xb1, 0xa2, 0x82,
  0x7c, 0x6c, 0x68, 0x51, 0x01, 0x3e, 0x36, 0xb8, 0xa8, 0x00, 0x1f, 0x1b,
  0x5e, 0x54, 0x80, 0xcf, 0x74, 0xc3, 0xb0, 0x1c, 0xd3, 0x0d, 0xc3, 0x82,
  0x4c, 0x37, 0x0c, 0x4b, 0x32, 0x62, 0x70, 0x00, 0x20, 0x08, 0x06, 0x58,
  0xae, 0x0a, 0x74, 0x2a, 0xf0, 0xa7, 0x40, 0xab, 0xc2, 0x68, 0x42, 0x00,
  0x0c, 0x47, 0x04, 0x2b, 0x2a, 0x08, 0xdf, 0x68, 0xc2, 0x10, 0x0c, 0x47,
  0x04, 0x2d, 0x2a, 0x08, 0x5f, 0x0d, 0xc1, 0xce, 0x32, 0x84, 0x49, 0x99,
  0x04, 0x23, 0x06, 0x07, 0x00, 0x82, 0x60, 0x80, 0xfd, 0xaa, 0xa0, 0xa7,
  0x82, 0x88, 0x0a, 0xb9, 0x2a, 0x8c, 0x26, 0x04, 0xc1, 0x70, 0x44, 0x70,
  0xa2, 0x82, 0xf2, 0x8d, 0x18, 0x18, 0x00, 0x08, 0x82, 0x41, 0x54, 0xae,
  0x82, 0x9f, 0x0a, 0xcc, 0x88, 0x81, 0x01, 0x80, 0x20, 0x18, 0x44, 0xe6,
  0x2a, 0xfc, 0xa9, 0xc0, 0x8c, 0x18, 0x18, 0x00, 0x08, 0x82, 0x41, 0x74,
  0xae, 0x02, 0xa8, 0x0a, 0xcc, 0x2c, 0xc3, 0x98, 0x88, 0x09, 0x61, 0x03,
  0x98, 0x0a, 0xf2, 0xb1, 0x21, 0x4c, 0x05, 0xf9, 0xd8, 0x20, 0xa6, 0x82,
  0x7c, 0xcc, 0x20, 0x53, 0x01, 0x3e, 0x66, 0x94, 0xa9, 0x00, 0x1f, 0x33,
  0xcc, 0x54, 0x80, 0x8f, 0x0d, 0x68, 0x2a, 0xc8, 0xc7, 0x86, 0x34, 0x15,
  0xe4, 0x63, 0x83, 0x9a, 0x0a, 0xf2, 0x19, 0x31, 0x30, 0x00, 0x10, 0x04,
  0x83, 0x28, 0x5e, 0x85, 0x53, 0x15, 0x86, 0x11, 0x03, 0x03, 0x00, 0x41,
  0x30, 0x88, 0xe4, 0x55, 0x40, 0x55, 0x61, 0x18, 0x31, 0x30, 0x00, 0x10,
  0x04, 0x83, 0x68, 0x5e, 0x85, 0x54, 0x15, 0x06, 0x1b, 0xde, 0x54, 0x90,
  0x8f, 0x0d, 0x70, 0x2a, 0xc8, 0xc7, 0x86, 0x38, 0x15, 0xe4, 0x33, 0x62,
  0x60, 0x00, 0x20, 0x08, 0x06, 0xd1, 0xbd, 0x0a, 0xae, 0x2a, 0x0c, 0x23,
  0x06, 0x06, 0x00, 0x82, 0x60, 0x10, 0xe1, 0xab, 0xf0, 0xaa, 0xc2, 0x30,
  0x62, 0x60, 0x00, 0x20, 0x08, 0x06, 0x51, 0xbe, 0x0a, 0xb0, 0x2a, 0x0c,
  0xc3, 0x11, 0xd5, 0xaa, 0x0a, 0xc5, 0x37, 0x1c, 0x51, 0xb1, 0xaa, 0x50,
  0x7c, 0xc3, 0x11, 0x55, 0xab, 0x0a, 0xc5, 0x77, 0xc3, 0x50, 0x37, 0x0c,
  0x75, 0xc3, 0x50, 0x86, 0x25, 0xf1, 0x31, 0x2c, 0x89, 0x8f, 0x61, 0x49,
  0x7c, 0x6c, 0x30, 0xe4, 0x63, 0x83, 0x21, 0x1f, 0x1b, 0x0c, 0xf9, 0xd8,
  0xf0, 0xc0, 0xc7, 0x86, 0x07, 0x3e, 0x36, 0x3c, 0xf0, 0x99, 0x25, 0x20,
  0x93, 0x11, 0x03, 0x03, 0x00, 0x41, 0x30, 0x88, 0x52, 0x56, 0xf8, 0x55,
  0x81, 0x0c, 0x46, 0x0c, 0x0c, 0x00, 0x04, 0xc1, 0x20, 0x52, 0x59, 0x01,
  0x5c, 0x05, 0x32, 0x18, 0x31, 0x30, 0x00, 0x10, 0x04, 0x83, 0x68, 0x65,
  0x85, 0x70, 0x15, 0xc8, 0xc0, 0x86, 0x34, 0x90, 0x8f, 0x0d, 0x6a, 0x20,
  0x1f, 0x1b, 0xd6, 0x40, 0x3e, 0x23, 0x06, 0x06, 0x00, 0x82, 0x60, 0x10,
  0xbd, 0xac, 0x60, 0xae, 0xc2, 0x30, 0x62, 0x60, 0x00, 0x20, 0x08, 0x06,
  0x11, 0xcc, 0x0a, 0xe7, 0x2a, 0x0c, 0x23, 0x06, 0x06, 0x00, 0x82, 0x60,
  0x10, 0xc5, 0xac, 0x80, 0xae, 0xc2, 0x30, 0x4b, 0x40, 0x26, 0x03, 0x15,
  0x03, 0x26, 0x26, 0xc6, 0x98, 0x0c, 0x54, 0x0c, 0x98, 0x98, 0x18, 0x63,
  0x32, 0x50, 0x31, 0x60, 0x62, 0x62, 0x8c, 0xc9, 0x88, 0xc1, 0x01, 0x80,
  0x20, 0x18, 0x60, 0x32, 0x2b, 0xb4, 0xab, 0x50, 0xa7, 0x82, 0xbb, 0x0a,
  0xa3, 0x09, 0x01, 0x30, 0x9a, 0x20, 0x04, 0xa3, 0x09, 0x83, 0x30, 0x62,
  0xb0, 0x00, 0x20, 0x08, 0x06, 0x13, 0xce, 0x0a, 0xf7, 0x2a, 0x1c, 0x46,
  0x31, 0x08, 0xc1, 0x88, 0xc1, 0x01, 0x80, 0x20, 0x18, 0x60, 0x37, 0x2b,
  0xc8, 0xab, 0xa0, 0xa7, 0x82, 0xbf, 0x0a, 0xa3, 0x09, 0x01, 0x30, 0x9a,
  0x20, 0x04, 0xa3, 0x09, 0x83, 0x30, 0x62, 0xb0, 0x00, 0x20, 0x08, 0x06,
  0x53, 0xcf, 0x0a, 0xfc, 0x2a, 0x30, 0x8b, 0x32, 0x08, 0xc1, 0x88, 0xc1,
  0x01, 0x80, 0x20, 0x18, 0x60, 0x3c, 0x2b, 0xdc, 0xab, 0xf0, 0xa7, 0x02,
  0xce, 0x0a, 0xa3, 0x09, 0x01, 0x30, 0x9a, 0x20, 0x04, 0xa3, 0x09, 0x83,
  0x30, 0x62, 0xb0, 0x00, 0x20, 0x08, 0x06, 0x93, 0xd8, 0x0a, 0x21, 0x2b,
  0x44, 0xd0, 0x33, 0x08, 0xc1, 0x2c, 0x41, 0x99, 0x0c, 0x54, 0x0c, 0x16,
  0x99, 0xd8, 0x04, 0x98, 0x0c, 0x54, 0x0c, 0x0e, 0x99, 0xd8, 0x04, 0x98,
  0x0c, 0x54, 0x0c, 0x06, 0x99, 0xd8, 0x04, 0x98, 0x0c, 0x37, 0xf4, 0xa9,
  0x00, 0xb6, 0x02, 0x18, 0xcc, 0x32, 0x98, 0xc9, 0x99, 0x04, 0x23, 0x06,
  0x09, 0x00, 0x82, 0x60, 0x80, 0xac, 0xad, 0xc0, 0xaf, 0x82, 0xd8, 0x0a,
  0x62, 0x2b, 0xe8, 0xac, 0x40, 0x8c, 0x18, 0x24, 0x00, 0x08, 0x82, 0x01,
  0xb2, 0xb6, 0x02, 0xbf, 0x0a, 0x62, 0x2b, 0x88, 0xad, 0x10, 0xb3, 0xc2,
  0x30, 0x62, 0x90, 0x00, 0x20, 0x08, 0x06, 0xc8, 0xda, 0x0a, 0xfc, 0x2a,
  0x88, 0xad, 0x20, 0xb6, 0x42, 0xce, 0x0a, 0xc2, 0x88, 0x41, 0x02, 0x80,
  0x20, 0x18, 0x20, 0x6b, 0x2b, 0xf0, 0xab, 0x20, 0xb6, 0x82, 0xd8, 0x0a,
  0x30, 0x2b, 0xb4, 0xaa, 0x30, 0x4b, 0x20, 0x27, 0x23, 0x06, 0x07, 0x00,
  0x82, 0x60, 0x80, 0x95, 0xad, 0x00, 0xb2, 0x02, 0xaa, 0x0a, 0x3f, 0x2b,
  0x8c, 0x26, 0x04, 0xc0, 0x88, 0xc1, 0x01, 0x80, 0x20, 0x18, 0x3c, 0x6b,
  0x2b, 0xfc, 0xab, 0x10, 0xfc, 0xaa, 0x30, 0x9a, 0xf0, 0x0a, 0xc1, 0x70,
  0x44, 0x90, 0xab, 0x82, 0xf0, 0xd5, 0x2b, 0x04, 0x3b, 0xcb, 0x80, 0x26,
  0x6b, 0x12, 0x8c, 0x26, 0x18, 0xc1, 0x70, 0x44, 0x20, 0xab, 0x82, 0xf2,
  0x8d, 0x18, 0x1c, 0x00, 0x08, 0x82, 0xc1, 0x13, 0xb7, 0x42, 0xc9, 0x0a,
  0xcc, 0xac, 0x0a, 0x23, 0x06, 0x07, 0x00, 0x82, 0x60, 0xf0, 0xc8, 0xad,
  0x60, 0xb2, 0x02, 0x43, 0xab, 0xc2, 0x88, 0xc1, 0x01, 0x80, 0x20, 0x18,
  0x3c, 0x73, 0x2b, 0x9c, 0xac, 0xc0, 0xd4, 0xaa, 0x30, 0xcb, 0xa0, 0x26,
  0x69, 0x42, 0xd8, 0x20, 0xae, 0x82, 0x7c, 0x6c, 0x18, 0x57, 0x41, 0x3e,
  0x36, 0x90, 0xab, 0x20, 0x9f, 0x11, 0x83, 0x03, 0x00, 0x41, 0x30, 0x78,
  0xee, 0x56, 0x58, 0x59, 0xc1, 0xc8, 0x55, 0x61, 0xc4, 0xe0, 0x00, 0x40,
  0x10, 0x0c, 0x1e, 0xbc, 0x15, 0x58, 0x56, 0x30, 0x74, 0x55, 0x18, 0x31,
  0x38, 0x00, 0x10, 0x04, 0x83, 0x27, 0x6f, 0x85, 0x96, 0x15, 0x8c, 0x5d,
  0x15, 0x46, 0x0c, 0x0c, 0x00, 0x04, 0xc1, 0x20, 0xca, 0x5b, 0xe1, 0x65,
  0x85, 0x61, 0xc4, 0xc0, 0x00, 0x40, 0x10, 0x0c, 0x22, 0xbd, 0x15, 0x60,
  0x56, 0x18, 0x46, 0x0c, 0x0c, 0x00, 0x04, 0xc1, 0x20, 0xda, 0x5b, 0x21,
  0x66, 0x85, 0xc1, 0x06, 0x76, 0x15, 0xe4, 0x63, 0x43, 0xbb, 0x0a, 0xf2,
  0xb1, 0xc1, 0x5d, 0x05, 0xf9, 0x8c, 0x18, 0x18, 0x00, 0x08, 0x82, 0x41,
  0xf4, 0xb7, 0x82, 0xcd, 0x0a, 0xc3, 0x88, 0x81, 0x01, 0x80, 0x20, 0x18,
  0x44, 0xa0, 0x2b, 0xdc, 0xac, 0x30, 0x8c, 0x18, 0x18, 0x00, 0x08, 0x82,
  0x41, 0x14, 0xba, 0x02, 0xce, 0x0a, 0x83, 0x0d, 0xf3, 0x2a, 0xc8, 0xc7,
  0x06, 0x7a, 0x15, 0xe4, 0x63, 0x43, 0xbd, 0x0a, 0xf2, 0xb1, 0xe1, 0x5e,
  0x05, 0xf8, 0xd8, 0x80, 0xaf, 0x02, 0x7c, 0x6c, 0xc8, 0x57, 0x01, 0x3e,
  0xc3, 0x11, 0xd8, 0xbe, 0x0a, 0xc5, 0x37, 0x1c, 0x81, 0xf1, 0xab, 0x50,
  0x7c, 0xc3, 0x11, 0x58, 0xbf, 0x0a, 0xc5, 0x77, 0xc3, 0x50, 0x37, 0x0c,
  0x75, 0xc3, 0x50, 0xb6, 0x25, 0xf1, 0xb1, 0x2d, 0x89, 0x8f, 0x6d, 0x49,
  0x7c, 0x6c, 0x30, 0xe4, 0x63, 0x83, 0x21, 0x1f, 0x1b, 0x0c, 0xf9, 0xd8,
  0xf0, 0xc0, 0xc7, 0x86, 0x07, 0x3e, 0x36, 0x3c, 0xf0, 0x99, 0x25, 0x58,
  0x93, 0x11, 0x83, 0x03, 0x00, 0x41, 0x30, 0x78, 0x70, 0x57, 0x60, 0x5b,
  0x21, 0x0d, 0x58, 0x56, 0xb0, 0x7e, 0x15, 0x02, 0xfa, 0x8c, 0x18, 0x18,
  0x00, 0x08, 0x82, 0x41, 0x94, 0xbb, 0xc2, 0xdb, 0x0a, 0x69, 0x30, 0x62,
  0x60, 0x00, 0x20, 0x08, 0x06, 0x91, 0xee, 0x0a, 0x70, 0x2b, 0xa4, 0xc1,
  0x88, 0x81, 0x01, 0x80, 0x20, 0x18, 0x44, 0xbb, 0x2b, 0xc4, 0xad, 0x90,
  0x06, 0x36, 0x10, 0xf2, 0xb1, 0xa1, 0x90, 0x8f, 0x0d, 0x86, 0x7c, 0x46,
  0x0c, 0x0c, 0x00, 0x04, 0xc1, 0x20, 0xfa, 0x5d, 0xc1, 0x6e, 0x85, 0x61,
  0xc4, 0xc0, 0x00, 0x40, 0x10, 0x0c, 0x22, 0xf0, 0x15, 0xee, 0x56, 0x18,
  0x46, 0x0c, 0x0c, 0x00, 0x04, 0xc1, 0x20, 0x0a, 0x5f, 0x01, 0x6f, 0x85,
  0x61, 0x96, 0x60, 0x4d, 0x06, 0x3a, 0x06, 0x2e, 0x4d, 0x0c, 0x35, 0xe1,
  0x87, 0x33, 0x19, 0xe8, 0x18, 0xb8, 0x34, 0x31, 0xd4, 0x84, 0x1f, 0xce,
  0x64, 0xa0, 0x63, 0xe0, 0xd2, 0xc4, 0x50, 0x13, 0x7e, 0x38, 0x13, 0x53,
  0x59, 0x61, 0x0f, 0xe8, 0x33, 0x62, 0x60, 0x00, 0x20, 0x08, 0x06, 0x91,
  0xf9, 0x0a, 0x7f, 0x2b, 0x10, 0x23, 0x06, 0x06, 0x00, 0x82, 0x60, 0x10,
  0x9d, 0xaf, 0x00, 0xba, 0x02, 0x31, 0x62, 0x60, 0x00, 0x20, 0x08, 0x06,
  0x11, 0xfa, 0x0a, 0xa1, 0x2b, 0x10, 0x23, 0x06, 0x06, 0x00, 0x82, 0x60,
  0x10, 0xa5, 0xaf, 0xf0, 0xb7, 0xc2, 0x30, 0x62, 0x60, 0x00, 0x20, 0x08,
  0x06, 0x91, 0xfa, 0x0a, 0xa0, 0x2b, 0x0c, 0x23, 0x06, 0x06, 0x00, 0x82,
  0x60, 0x10, 0xad, 0xaf, 0x10, 0xba, 0xc2, 0x60, 0xc3, 0x21, 0x1f, 0x1b,
  0x10, 0xf9, 0xd8, 0x90, 0xc8, 0x67, 0xc4, 0xc0, 0x00, 0x40, 0x10, 0x0c,
  0xa2, 0xf7, 0x15, 0x4c, 0x57, 0x18, 0x46, 0x0c, 0x0c, 0x00, 0x04, 0xc1,
  0x20, 0x82, 0x5f, 0xe1, 0x74, 0x85, 0x61, 0xc4, 0xc0, 0x00, 0x40, 0x10,
  0x0c, 0xa2, 0xf8, 0x15, 0x50, 0x57, 0x18, 0x46, 0x13, 0x54, 0x41, 0x18,
  0x8e, 0x08, 0x6c, 0x56, 0x10, 0xbe, 0x59, 0x06, 0x36, 0x79, 0x93, 0x60,
  0xc4, 0xe0, 0x00, 0x40, 0x10, 0x0c, 0xb0, 0xf8, 0x15, 0x58, 0x57, 0xa0,
  0x59, 0x01, 0x75, 0x85, 0xd1, 0x84, 0x20, 0x18, 0x4d, 0xd0, 0x89, 0x61,
  0xc4, 0xe0, 0x00, 0x40, 0x10, 0x0c, 0x1e, 0xfc, 0x15, 0x58, 0x57, 0x08,
  0x78, 0x56, 0xb0, 0x21, 0xa0, 0xcf, 0x70, 0x44, 0x60, 0xb6, 0x82, 0xf2,
  0xcd, 0x32, 0xb8, 0x49, 0x9b, 0x04, 0xa3, 0x09, 0xc6, 0x30, 0x62, 0x70,
  0x00, 0x20, 0x08, 0x06, 0x18, 0xfe, 0x0a, 0xb3, 0x2b, 0xec, 0xac, 0x50,
  0xbf, 0xc2, 0x68, 0x42, 0x30, 0x58, 0xb0, 0xb3, 0x82, 0x7c, 0x2c, 0x20,
  0xe0, 0x63, 0xc1, 0x21, 0x1f, 0x0b, 0x40, 0x57, 0x80, 0xcf, 0x88, 0x81,
  0x01, 0x80, 0x20, 0x18, 0x44, 0x21, 0x2c, 0xf8, 0xae, 0x10, 0x58, 0x10,
  0xba, 0x82, 0x7c, 0x46, 0x0c, 0x0c, 0x00, 0x04, 0xc1, 0x20, 0x1a, 0x61,
  0x81, 0x7c, 0x85, 0xc0, 0x82, 0xb8, 0x15, 0xe4, 0x63, 0x72, 0x2b, 0x04,
  0xf1, 0x99, 0x25, 0x70, 0x93, 0x81, 0x8a, 0x41, 0x68, 0x13, 0x73, 0x27,
  0xd8, 0x64, 0xc4, 0xc0, 0x00, 0x40, 0x10, 0x0c, 0xa2, 0x13, 0x16, 0xc0,
  0x57, 0xa8, 0x46, 0x0c, 0x0c, 0x00, 0x04, 0xc1, 0x20, 0x42, 0x61, 0xc1,
  0x77, 0x85, 0xc0, 0x82, 0xd3, 0x15, 0xe4, 0x33, 0x62, 0x60, 0x00, 0x20,
  0x08, 0x06, 0x91, 0x0a, 0x0b, 0xe1, 0x2b, 0x04, 0x06, 0xb7, 0x42, 0x10,
  0x1f, 0x0b, 0x0c, 0xf9, 0x58, 0x30, 0xc0, 0x67, 0xc4, 0xc0, 0x00, 0x40,
  0x10, 0x0c, 0x22, 0x17, 0x16, 0xc8, 0x57, 0x08, 0x2c, 0x60, 0x5d, 0x41,
  0x3e, 0x23, 0x06, 0x06, 0x00, 0x82, 0x60, 0x10, 0xc1, 0xb0, 0x70, 0xbe,
  0x42, 0x60, 0x81, 0x18, 0xc8, 0xc7, 0x04, 0x31, 0x90, 0x8f, 0x0d, 0x62,
  0x20, 0x9f, 0x59, 0x82, 0x37, 0x19, 0xa8, 0x18, 0x0c, 0x37, 0x51, 0x85,
  0x35, 0x19, 0xa8, 0x18, 0x0c, 0x37, 0x51, 0x85, 0x35, 0x19, 0xa8, 0x18,
  0x0c, 0x37, 0x51, 0x85, 0x35, 0x19, 0x4d, 0x78, 0x87, 0x61, 0x38, 0x22,
  0xd8, 0x5b, 0x41, 0xf8, 0x66, 0x19, 0xe0, 0x24, 0x4e, 0x02, 0xc3, 0x5b,
  0xe1, 0x74, 0x05, 0xf8, 0x18, 0xde, 0x0a, 0xa8, 0x2b, 0xc0, 0x67, 0xc4,
  0x20, 0x01, 0x40, 0x10, 0x0c, 0xaa, 0x1c, 0x16, 0xfa, 0x57, 0x10, 0x02,
  0x21, 0xb0, 0xc2, 0x7c, 0x05, 0xf9, 0x58, 0x20, 0xc8, 0xc7, 0x46, 0x57,
  0x08, 0xe2, 0x33, 0x62, 0x60, 0x00, 0x20, 0x08, 0x06, 0xd1, 0x0f, 0x0b,
  0xf8, 0x2b, 0x04, 0x16, 0x30, 0xf2, 0x31, 0x81, 0x91, 0x8f, 0x0d, 0x8c,
  0x7c, 0x66, 0x09, 0xe2, 0x64, 0xa0, 0x62, 0x30, 0xe0, 0xc4, 0x7b, 0x93,
  0x81, 0x8a, 0xc1, 0x80, 0x13, 0xef, 0x4d, 0x06, 0x2a, 0x06, 0x03, 0x4e,
  0xbc, 0x37, 0xb1, 0x61, 0x74, 0x05, 0xf9, 0xd8, 0x30, 0xba, 0x82, 0x7c,
  0x6c, 0x18, 0x5d, 0x41, 0x3e, 0x23, 0x06, 0x09, 0x00, 0x82, 0x60, 0x80,
  0xb0, 0xb1, 0xd0, 0xbf, 0xc2, 0x18, 0x0b, 0x63, 0x2c, 0xec, 0xb0, 0x30,
  0x8c, 0x18, 0x24, 0x00, 0x08, 0x82, 0x01, 0xc2, 0xc6, 0x42, 0xff, 0x0a,
  0x63, 0x2c, 0x8c, 0xb1, 0x20, 0xc3, 0x82, 0x30, 0x62, 0x90, 0x00, 0x20,
  0x08, 0x06, 0x08, 0x1b, 0x0b, 0xfd, 0x2b, 0x8c, 0xb1, 0x30, 0xc6, 0x82,
  0x0e, 0x0b, 0xc1, 0x88, 0x41, 0x02, 0x80, 0x20, 0x18, 0x20, 0x6c, 0x2c,
  0xf4, 0xaf, 0x30, 0xc6, 0xc2, 0x18, 0x0b, 0x31, 0x2c, 0x8c, 0xae, 0x30,
  0x4b, 0x20, 0x27, 0x08, 0x00, 0x00, 0x00, 0x00
};
static constexpr unsigned int kATSDLGPU_ScreenFX_DXIL_len = 22388;
